AccountID,CustomerAge,CustomerOccupation,total_transactions,total_debits,total_credits,debit_count,credit_count,avg_balance,min_balance,max_balance,balance_range,active_months,first_txn_date,last_txn_date,opening_balance,closing_balance,balance_direction,spend_intensity,debit_credit_ratio,net_cashflow,age_group
AC00001,25,Student,2,260.76,0.00,2,0,2915.16,1649.92,4180.40,2530.48,2,"2023-09-15 17:00:20","2023-11-14 16:56:34",1649.92,4180.40,2530.48,8.94,99.99,-260.76,25-35
AC00002,23,Student,7,1539.74,516.47,6,1,4480.42,1154.48,7216.30,6061.82,6,"2023-01-10 16:00:32","2023-12-21 17:00:50",1154.48,1305.06,150.58,34.37,2.98,-1023.27,"Under 25"
AC00003,77,Retired,5,849.72,416.62,4,1,7329.57,1688.90,13486.15,11797.25,4,"2023-01-02 16:45:05","2023-10-02 18:57:19",3869.37,1688.90,-2180.47,11.59,2.04,-433.10,"Above 65"
AC00004,43,Engineer,9,2080.83,99.25,8,1,3340.96,1019.46,8365.37,7345.91,7,"2023-05-01 17:36:10","2024-01-01 16:08:49",1019.46,1153.84,134.38,62.28,20.97,-1981.58,36-50
AC00005,64,Retired,9,2713.97,417.80,8,1,4457.84,572.97,8557.32,7984.35,6,"2023-02-22 16:18:32","2023-12-04 18:01:53",7104.83,591.23,-6513.60,60.88,6.50,-2296.17,51-65
AC00006,33,Doctor,4,844.59,173.13,3,1,2051.26,420.67,5401.21,4980.54,4,"2023-02-28 17:28:13","2023-10-05 16:46:31",5401.21,1490.34,-3910.87,41.17,4.88,-671.46,25-35
AC00007,22,Student,5,1495.38,0.00,5,0,7428.59,634.17,14273.42,13639.25,4,"2023-06-12 17:53:52","2023-11-27 17:34:33",634.17,14273.42,13639.25,20.13,99.99,-1495.38,"Under 25"
AC00008,23,Student,1,76.16,0.00,1,0,1072.25,1072.25,1072.25,0.00,1,"2023-11-21 16:45:29","2023-11-21 16:45:29",1072.25,1072.25,0.00,7.10,99.99,-76.16,"Under 25"
AC00009,24,Student,5,162.23,821.85,2,3,2929.93,131.25,5790.55,5659.30,4,"2023-02-14 16:21:23","2023-12-25 17:19:08",131.25,2409.73,2278.48,5.54,0.20,659.62,"Under 25"
AC00010,25,Student,7,2225.82,542.85,5,2,5618.32,225.53,14576.47,14350.94,5,"2023-01-12 17:10:03","2023-11-30 16:52:42",225.53,5956.89,5731.36,39.62,4.10,-1682.97,25-35
AC00011,52,Doctor,7,1749.90,688.36,6,1,2679.10,201.04,10427.00,10225.96,6,"2023-03-15 18:42:16","2023-12-20 17:15:14",10427.00,874.93,-9552.07,65.32,2.54,-1061.54,51-65
AC00012,67,Retired,6,1972.96,94.82,5,1,4145.02,1161.84,10778.35,9616.51,5,"2023-03-21 16:36:30","2023-12-26 16:08:51",1267.72,3966.54,2698.82,47.60,20.81,-1878.14,"Above 65"
AC00013,72,Retired,8,1493.17,138.11,7,1,4462.63,416.37,9648.60,9232.23,6,"2023-02-20 16:52:03","2023-12-27 16:48:30",3641.07,7299.86,3658.79,33.46,10.81,-1355.06,"Above 65"
AC00014,19,Student,9,2707.28,427.00,8,1,6524.00,392.34,14510.80,14118.46,7,"2023-03-30 17:50:23","2024-01-01 16:17:13",690.52,6356.96,5666.44,41.50,6.34,-2280.28,"Under 25"
AC00015,61,Doctor,4,1097.84,50.90,3,1,3903.65,1181.84,11613.58,10431.74,3,"2023-03-06 16:12:45","2023-11-06 16:28:15",11613.58,1541.48,-10072.10,28.12,21.57,-1046.94,51-65
AC00016,53,Doctor,6,2195.70,76.27,4,2,3985.80,164.12,8853.93,8689.81,4,"2023-02-24 18:05:12","2023-10-16 17:43:00",185.87,164.12,-21.75,55.09,28.79,-2119.43,51-65
AC00017,32,Engineer,5,1073.34,60.11,4,1,3273.47,477.03,7235.87,6758.84,5,"2023-01-30 16:04:17","2023-11-27 17:39:39",6494.25,7235.87,741.62,32.79,17.86,-1013.23,25-35
AC00018,26,Student,3,1560.13,98.54,2,1,8086.32,1821.00,13054.54,11233.54,3,"2023-02-20 16:36:36","2023-08-11 16:18:46",1821.00,9383.43,7562.43,19.29,15.83,-1461.59,25-35
AC00019,57,Retired,4,907.06,41.13,3,1,4981.91,1122.35,7142.53,6020.18,4,"2023-02-08 16:29:56","2023-07-10 18:16:08",7142.53,1122.35,-6020.18,18.21,22.05,-865.93,51-65
AC00020,25,Student,9,3428.36,359.65,8,1,3833.63,117.98,9951.68,9833.70,8,"2023-01-12 17:58:56","2023-11-13 16:46:06",219.53,9951.68,9732.15,89.43,9.53,-3068.71,25-35
AC00021,71,Retired,8,1623.12,2640.22,4,4,3631.39,207.10,8431.23,8224.13,6,"2023-01-23 16:03:04","2023-12-08 16:36:30",6996.35,6242.03,-754.32,44.70,0.61,1017.10,"Above 65"
AC00022,44,Doctor,4,607.68,168.00,3,1,6334.74,1592.94,14676.05,13083.11,4,"2023-03-13 16:32:12","2023-08-24 16:01:40",14676.05,3498.58,-11177.47,9.59,3.62,-439.68,36-50
AC00023,40,Engineer,6,996.82,254.92,5,1,3662.55,399.57,7616.43,7216.86,5,"2023-02-27 16:15:53","2023-09-18 16:04:06",7616.43,2791.12,-4825.31,27.22,3.91,-741.90,36-50
AC00024,53,Engineer,5,154.17,1272.77,2,3,3440.03,680.55,5621.86,4941.31,4,"2023-04-03 16:22:48","2023-10-30 16:36:24",5621.86,708.74,-4913.12,4.48,0.12,1118.60,51-65
AC00025,74,Retired,2,65.26,350.11,1,1,6009.84,4639.04,7380.63,2741.59,2,"2023-03-13 17:10:34","2023-12-08 17:05:35",4639.04,7380.63,2741.59,1.09,0.19,284.85,"Above 65"
AC00026,26,Student,6,408.46,543.65,3,3,4629.85,1236.38,7458.03,6221.65,5,"2023-01-09 16:54:30","2023-10-30 17:24:55",1671.66,1236.38,-435.28,8.82,0.75,135.19,25-35
AC00027,63,Doctor,3,280.52,277.02,2,1,9518.50,6381.60,13587.52,7205.92,2,"2023-09-11 16:09:15","2023-11-20 16:29:14",13587.52,6381.60,-7205.92,2.95,1.01,-3.50,51-65
AC00028,20,Student,3,2170.17,0.00,3,0,1610.47,1379.39,1863.70,484.31,3,"2023-02-07 17:38:18","2023-09-25 17:11:19",1379.39,1588.31,208.92,134.75,99.99,-2170.17,"Under 25"
AC00029,31,Engineer,6,1450.58,491.54,4,2,6264.86,325.15,14389.45,14064.30,5,"2023-02-06 16:30:43","2023-12-04 18:30:00",7581.70,325.15,-7256.55,23.15,2.95,-959.04,25-35
AC00030,51,Engineer,9,1635.81,1333.89,6,3,5498.29,868.35,9200.74,8332.39,6,"2023-03-20 16:29:02","2023-10-25 16:13:39",9200.74,868.35,-8332.39,29.75,1.23,-301.92,51-65
AC00032,70,Retired,9,2477.09,907.57,6,3,3675.57,105.01,9724.49,9619.48,6,"2023-01-26 16:17:52","2023-12-19 16:39:57",1477.63,9724.49,8246.86,67.39,2.73,-1569.52,"Above 65"
AC00033,26,Student,6,900.99,0.00,6,0,3460.89,719.52,8253.52,7534.00,5,"2023-02-13 17:02:27","2023-12-19 16:46:08",1476.91,8253.52,6776.61,26.03,99.99,-900.99,25-35
AC00034,27,Student,4,1007.90,0.00,4,0,2910.24,746.47,7949.03,7202.56,3,"2023-03-30 16:09:26","2023-10-23 17:17:18",746.47,7949.03,7202.56,34.63,99.99,-1007.90,25-35
AC00035,26,Student,9,509.08,1642.09,4,5,6841.31,787.74,14935.50,14147.76,6,"2023-05-19 16:52:53","2023-12-07 16:11:01",787.74,7626.53,6838.79,7.44,0.31,1133.01,25-35
AC00036,59,Engineer,5,1477.60,130.80,3,2,6564.38,1674.94,14464.30,12789.36,4,"2023-02-13 16:39:52","2023-07-19 17:03:58",9267.32,14464.30,5196.98,22.51,11.30,-1346.80,51-65
AC00037,73,Retired,2,253.25,0.00,2,0,7725.10,6372.58,9077.62,2705.04,1,"2023-12-22 17:17:34","2023-12-25 16:25:43",6372.58,9077.62,2705.04,3.28,99.99,-253.25,"Above 65"
AC00038,67,Doctor,1,301.73,0.00,1,0,990.74,990.74,990.74,0.00,1,"2023-06-27 16:40:58","2023-06-27 16:40:58",990.74,990.74,0.00,30.46,99.99,-301.73,"Above 65"
AC00039,53,Doctor,7,1328.86,791.90,4,3,3446.30,271.78,7936.91,7665.13,6,"2023-01-03 16:28:03","2023-11-17 17:59:11",634.16,271.78,-362.38,38.56,1.68,-536.96,51-65
AC00040,67,Doctor,5,1688.01,1237.56,4,1,5260.77,167.28,9598.43,9431.15,5,"2023-01-05 16:22:12","2023-12-18 17:22:16",9598.43,765.81,-8832.62,32.09,1.36,-450.45,"Above 65"
AC00041,60,Engineer,7,1142.19,7.49,6,1,3217.40,129.29,7036.72,6907.43,6,"2023-02-02 16:20:28","2023-12-22 16:27:49",5729.10,3484.32,-2244.78,35.50,152.50,-1134.70,51-65
AC00042,71,Retired,5,832.55,221.49,4,1,2019.30,707.25,4710.21,4002.96,5,"2023-01-18 16:48:32","2023-09-13 18:11:22",4710.21,707.25,-4002.96,41.23,3.76,-611.06,"Above 65"
AC00043,60,Retired,4,2014.75,0.00,4,0,6327.02,3075.97,9127.65,6051.68,4,"2023-01-31 16:58:42","2023-11-14 17:23:43",3075.97,9127.65,6051.68,31.84,99.99,-2014.75,51-65
AC00044,52,Doctor,1,487.32,0.00,1,0,7707.96,7707.96,7707.96,0.00,1,"2023-10-19 18:11:23","2023-10-19 18:11:23",7707.96,7707.96,0.00,6.32,99.99,-487.32,51-65
AC00045,67,Retired,5,1391.61,453.51,3,2,4162.49,364.72,9159.56,8794.84,5,"2023-01-05 16:43:14","2023-09-11 17:51:17",2011.60,364.72,-1646.88,33.43,3.07,-938.10,"Above 65"
AC00046,20,Student,3,1069.95,0.00,3,0,4855.71,533.20,8892.62,8359.42,3,"2023-01-03 17:51:07","2023-11-06 16:24:45",533.20,5141.32,4608.12,22.03,99.99,-1069.95,"Under 25"
AC00047,25,Student,4,1331.63,280.57,3,1,6822.08,293.24,13542.41,13249.17,4,"2023-01-27 17:35:05","2024-01-01 17:21:56",293.24,13542.41,13249.17,19.52,4.75,-1051.06,25-35
AC00048,25,Student,3,1602.27,0.00,3,0,6138.25,423.64,11041.90,10618.26,3,"2023-06-08 16:06:13","2023-12-25 17:13:46",423.64,6949.21,6525.57,26.10,99.99,-1602.27,25-35
AC00049,60,Engineer,2,1113.77,0.00,2,0,6420.02,3806.16,9033.87,5227.71,1,"2023-11-13 17:07:10","2023-11-23 16:09:39",3806.16,9033.87,5227.71,17.35,99.99,-1113.77,51-65
AC00050,29,Engineer,5,654.72,364.84,3,2,2506.36,290.24,7306.79,7016.55,5,"2023-02-08 17:33:08","2023-11-09 16:11:59",2756.20,558.99,-2197.21,26.12,1.79,-289.88,25-35
AC00051,26,Student,4,949.20,0.00,4,0,2963.52,224.65,9419.27,9194.62,4,"2023-02-24 16:49:51","2023-07-20 16:05:11",1128.38,1081.79,-46.59,32.03,99.99,-949.20,25-35
AC00052,35,Doctor,3,421.05,3.42,2,1,11790.66,6628.75,14563.02,7934.27,3,"2023-03-20 16:08:11","2023-10-09 16:50:41",14563.02,6628.75,-7934.27,3.57,123.11,-417.63,25-35
AC00053,30,Doctor,7,531.69,171.62,4,3,6333.70,303.68,12059.85,11756.17,5,"2023-01-03 16:27:16","2023-12-14 18:53:34",10679.67,7645.47,-3034.20,8.39,3.10,-360.07,25-35
AC00054,31,Doctor,9,1628.92,122.85,8,1,8343.47,409.26,13856.18,13446.92,6,"2023-02-20 17:27:24","2023-11-29 17:38:53",6043.25,13185.39,7142.14,19.52,13.26,-1506.07,25-35
AC00055,39,Engineer,5,941.11,0.00,5,0,2345.77,918.88,6863.06,5944.18,4,"2023-01-19 17:27:01","2023-11-10 16:10:34",1381.28,1444.75,63.47,40.12,99.99,-941.11,36-50
AC00056,59,Engineer,6,385.56,113.10,3,3,3311.98,411.78,7483.01,7071.23,5,"2023-02-03 18:03:56","2023-09-25 17:29:01",3034.67,411.78,-2622.89,11.64,3.41,-272.46,51-65
AC00057,32,Engineer,5,330.34,797.28,3,2,2884.13,811.86,7139.11,6327.25,4,"2023-01-10 16:51:44","2023-08-29 16:19:14",2587.11,7139.11,4552.00,11.45,0.41,466.94,25-35
AC00058,50,Engineer,7,1719.58,0.00,7,0,6184.52,438.75,13374.89,12936.14,4,"2023-05-01 17:11:47","2023-12-28 16:46:46",438.75,13374.89,12936.14,27.80,99.99,-1719.58,36-50
AC00059,34,Doctor,4,536.99,55.98,3,1,5450.70,692.69,8485.14,7792.45,3,"2023-03-20 17:30:52","2023-09-25 16:41:04",5577.94,7047.04,1469.10,9.85,9.59,-481.01,25-35
AC00060,59,Doctor,4,1478.45,74.27,3,1,8073.03,1602.13,13696.61,12094.48,3,"2023-07-13 17:17:07","2023-12-11 16:09:08",13696.61,1602.13,-12094.48,18.31,19.91,-1404.18,51-65
AC00061,32,Engineer,5,957.06,0.00,5,0,4894.17,3466.74,6885.16,3418.42,5,"2023-02-27 16:59:07","2023-11-20 16:06:10",6590.28,3466.74,-3123.54,19.56,99.99,-957.06,25-35
AC00062,21,Student,3,689.82,0.00,3,0,4016.10,232.56,6921.48,6688.92,2,"2023-07-07 17:58:29","2023-08-14 17:43:17",232.56,6921.48,6688.92,17.18,99.99,-689.82,"Under 25"
AC00063,25,Student,10,2319.07,873.65,9,1,6064.07,1429.61,12154.66,10725.05,8,"2023-02-06 18:39:50","2023-11-20 16:27:31",1846.85,12154.66,10307.81,38.24,2.65,-1445.42,25-35
AC00064,51,Retired,4,1411.05,0.00,4,0,6635.09,3051.29,9794.26,6742.97,4,"2023-03-22 16:59:56","2023-09-20 17:44:37",3051.29,4026.03,974.74,21.27,99.99,-1411.05,51-65
AC00065,26,Student,5,699.67,400.50,3,2,5017.59,250.93,9716.68,9465.75,4,"2023-04-24 17:46:41","2023-12-28 16:30:32",250.93,7447.10,7196.17,13.94,1.75,-299.17,25-35
AC00066,69,Doctor,4,863.07,0.00,4,0,4661.94,1100.64,7273.55,6172.91,4,"2023-01-30 18:49:52","2023-10-23 16:03:49",7273.55,1100.64,-6172.91,18.51,99.99,-863.07,"Above 65"
AC00067,30,Doctor,7,3224.38,0.00,7,0,6148.92,1258.93,11729.51,10470.58,6,"2023-01-18 17:53:37","2023-11-14 16:23:09",11320.83,6851.16,-4469.67,52.44,99.99,-3224.38,25-35
AC00068,26,Student,4,2641.99,0.00,4,0,3794.69,914.28,9977.49,9063.21,3,"2023-06-22 16:08:43","2023-11-22 16:13:39",914.28,1829.90,915.62,69.62,99.99,-2641.99,25-35
AC00069,44,Doctor,7,1206.78,410.80,4,3,6979.10,287.46,13964.31,13676.85,5,"2023-04-21 16:22:38","2023-12-25 17:27:57",10517.47,287.46,-10230.01,17.29,2.94,-795.98,36-50
AC00070,73,Retired,8,901.65,990.22,6,2,5023.31,524.46,8981.61,8457.15,7,"2023-03-30 16:52:05","2023-11-13 17:34:15",3037.97,7371.85,4333.88,17.95,0.91,88.57,"Above 65"
AC00071,22,Student,8,3332.76,717.36,7,1,1760.05,319.04,4004.35,3685.31,7,"2023-01-02 17:00:33","2023-12-25 17:41:30",514.88,1483.84,968.96,189.36,4.65,-2615.40,"Under 25"
AC00072,21,Student,4,787.72,501.30,3,1,5915.93,1329.41,8520.08,7190.67,4,"2023-03-10 17:33:12","2023-12-22 17:08:55",1329.41,7361.47,6032.06,13.32,1.57,-286.42,"Under 25"
AC00073,58,Doctor,5,1834.82,0.00,5,0,6266.72,1508.72,13336.15,11827.43,4,"2023-07-04 16:27:23","2023-12-05 16:32:49",1508.72,1968.36,459.64,29.28,99.99,-1834.82,51-65
AC00074,66,Retired,3,397.10,0.00,3,0,5596.88,1959.52,8300.54,6341.02,3,"2023-04-25 17:00:15","2023-09-13 16:41:19",6530.59,1959.52,-4571.07,7.10,99.99,-397.10,"Above 65"
AC00075,77,Retired,5,944.51,147.36,3,2,5046.53,1029.09,13779.97,12750.88,5,"2023-02-08 17:59:42","2023-12-04 16:31:42",7932.41,13779.97,5847.56,18.72,6.41,-797.15,"Above 65"
AC00076,35,Doctor,7,1293.61,366.43,6,1,4514.39,1389.89,13475.14,12085.25,5,"2023-01-06 17:16:44","2023-12-22 16:42:33",13475.14,1389.89,-12085.25,28.66,3.53,-927.18,25-35
AC00077,27,Engineer,6,1624.77,131.55,4,2,5078.52,1802.77,12500.80,10698.03,4,"2023-04-04 16:11:34","2023-12-15 16:48:08",5424.60,6847.47,1422.87,31.99,12.35,-1493.22,25-35
AC00078,56,Retired,6,1356.24,1580.88,4,2,4800.70,836.69,7591.13,6754.44,6,"2023-01-30 17:37:14","2023-11-30 17:48:36",6239.89,7591.13,1351.24,28.25,0.86,224.64,51-65
AC00079,18,Student,5,135.16,379.86,2,3,8332.32,5976.00,10548.58,4572.58,4,"2023-01-13 17:19:33","2023-08-25 16:30:02",5976.00,9323.71,3347.71,1.62,0.36,244.70,"Under 25"
AC00080,55,Retired,6,2238.37,0.00,6,0,4599.39,1084.65,9939.94,8855.29,6,"2023-01-16 16:38:57","2023-12-04 16:16:19",2420.86,3493.13,1072.27,48.67,99.99,-2238.37,51-65
AC00081,22,Student,3,291.98,315.39,2,1,833.00,187.65,1381.75,1194.10,2,"2023-05-22 16:57:31","2023-08-14 16:20:49",187.65,1381.75,1194.10,35.05,0.93,23.41,"Under 25"
AC00082,58,Retired,3,703.94,18.14,2,1,2743.05,825.69,6020.85,5195.16,3,"2023-02-17 18:46:59","2023-09-28 16:14:49",6020.85,825.69,-5195.16,25.66,38.81,-685.80,51-65
AC00083,26,Student,6,2374.27,379.11,4,2,3086.28,528.38,6430.86,5902.48,6,"2023-02-15 17:33:23","2024-01-01 16:07:05",6430.86,3012.31,-3418.55,76.93,6.26,-1995.16,25-35
AC00084,78,Retired,2,502.03,0.00,2,0,5090.40,2619.46,7561.33,4941.87,2,"2023-01-19 17:24:30","2023-10-23 18:41:35",7561.33,2619.46,-4941.87,9.86,99.99,-502.03,"Above 65"
AC00085,18,Student,6,1366.94,328.77,5,1,3256.92,299.93,8346.64,8046.71,5,"2023-02-13 16:53:57","2023-09-18 17:31:23",299.93,1092.92,792.99,41.97,4.16,-1038.17,"Under 25"
AC00086,24,Student,7,2947.62,242.45,4,3,3770.92,422.32,12148.32,11726.00,4,"2023-02-06 17:23:52","2023-12-20 16:17:16",1149.74,2061.61,911.87,78.17,12.16,-2705.17,"Under 25"
AC00087,46,Engineer,9,1842.47,0.00,9,0,5808.11,425.77,13084.27,12658.50,7,"2023-01-02 16:01:26","2023-12-29 17:55:30",8045.77,13084.27,5038.50,31.72,99.99,-1842.47,36-50
AC00088,36,Doctor,2,513.54,0.00,2,0,1355.87,1050.63,1661.10,610.47,1,"2023-02-20 17:26:39","2023-02-28 17:34:08",1050.63,1661.10,610.47,37.88,99.99,-513.54,36-50
AC00089,45,Engineer,5,643.48,557.78,4,1,5283.81,1220.86,14410.44,13189.58,4,"2023-04-03 16:31:32","2023-09-25 16:37:04",4381.24,1220.86,-3160.38,12.18,1.15,-85.70,36-50
AC00090,60,Engineer,9,1740.64,839.33,8,1,5545.66,865.49,11935.14,11069.65,6,"2023-01-02 17:34:13","2023-11-09 17:51:35",9877.17,1519.38,-8357.79,31.39,2.07,-901.31,51-65
AC00091,59,Retired,3,1077.01,0.00,3,0,7123.26,6393.12,7872.04,1478.92,3,"2023-03-20 16:48:00","2023-10-13 16:05:10",7104.61,7872.04,767.43,15.12,99.99,-1077.01,51-65
AC00092,51,Retired,8,1879.43,438.17,6,2,6780.38,3475.99,13389.16,9913.17,6,"2023-02-14 16:23:39","2023-12-18 18:41:26",6854.61,6323.45,-531.16,27.72,4.29,-1441.26,51-65
AC00093,36,Engineer,9,2542.26,623.17,7,2,4057.85,162.53,11624.93,11462.40,5,"2023-01-17 17:25:13","2023-12-14 16:15:28",9800.21,5897.73,-3902.48,62.65,4.08,-1919.09,36-50
AC00094,37,Engineer,4,192.32,31.70,3,1,4518.32,743.90,9189.76,8445.86,4,"2023-05-29 17:30:14","2023-08-08 17:07:42",2735.84,5403.79,2667.95,4.26,6.07,-160.62,36-50
AC00095,63,Doctor,8,1887.90,1293.97,5,3,6626.55,3382.91,9895.10,6512.19,7,"2023-02-03 16:06:00","2023-10-20 17:48:44",8198.00,7567.20,-630.80,28.49,1.46,-593.93,51-65
AC00096,23,Student,3,882.30,0.00,3,0,3377.30,651.84,7323.53,6671.69,2,"2023-05-12 18:38:11","2023-06-01 16:18:49",651.84,2156.54,1504.70,26.12,99.99,-882.30,"Under 25"
AC00097,30,Doctor,3,261.72,0.00,3,0,4684.80,636.42,11584.32,10947.90,3,"2023-02-27 16:28:23","2023-12-19 16:57:40",11584.32,636.42,-10947.90,5.59,99.99,-261.72,25-35
AC00098,46,Engineer,5,698.64,2513.93,3,2,7159.09,3956.69,10456.24,6499.55,4,"2023-01-05 16:02:42","2023-12-11 17:26:22",3956.69,5103.67,1146.98,9.76,0.28,1815.29,36-50
AC00099,61,Retired,4,2053.10,457.88,2,2,6798.96,5726.20,9840.04,4113.84,2,"2023-08-21 18:51:11","2023-09-18 17:07:08",5838.91,9840.04,4001.13,30.20,4.48,-1595.22,51-65
AC00100,53,Doctor,3,447.33,0.00,3,0,5941.21,2197.12,8400.87,6203.75,3,"2023-01-23 18:45:00","2023-07-17 16:32:45",8400.87,2197.12,-6203.75,7.53,99.99,-447.33,51-65
AC00101,41,Engineer,3,0.00,299.90,0,3,9256.11,6870.84,12970.21,6099.37,3,"2023-02-13 16:08:58","2023-11-21 17:25:30",7927.27,6870.84,-1056.43,0.00,0.00,299.90,36-50
AC00102,18,Student,5,826.62,0.00,5,0,2944.04,475.63,4943.49,4467.86,4,"2023-02-06 17:48:39","2023-10-16 16:51:25",475.63,2037.75,1562.12,28.08,99.99,-826.62,"Under 25"
AC00103,23,Student,5,1667.46,477.54,4,1,3225.65,1025.99,5468.58,4442.59,4,"2023-08-21 17:20:05","2023-12-25 17:01:44",1598.63,1025.99,-572.64,51.69,3.49,-1189.92,"Under 25"
AC00104,54,Engineer,1,275.20,0.00,1,0,1230.12,1230.12,1230.12,0.00,1,"2023-08-24 17:13:38","2023-08-24 17:13:38",1230.12,1230.12,0.00,22.37,99.99,-275.20,51-65
AC00105,53,Retired,3,259.47,122.35,2,1,4890.05,1968.51,6472.50,4503.99,2,"2023-04-12 17:50:15","2023-08-25 18:24:06",6472.50,6229.13,-243.37,5.31,2.12,-137.12,51-65
AC00106,24,Student,6,1347.25,716.93,5,1,3476.03,944.83,6586.19,5641.36,6,"2023-03-22 16:10:14","2023-12-25 17:31:53",1806.16,6009.43,4203.27,38.76,1.88,-630.32,"Under 25"
AC00107,29,Engineer,5,2831.30,149.02,4,1,3541.56,1238.11,9379.72,8141.61,4,"2023-01-24 16:05:40","2023-09-19 16:55:00",2091.78,1238.11,-853.67,79.94,19.00,-2682.28,25-35
AC00108,19,Student,6,1686.62,233.74,5,1,2645.56,373.88,8395.85,8021.97,5,"2023-04-07 16:04:01","2023-11-28 16:38:08",868.91,421.44,-447.47,63.75,7.22,-1452.88,"Under 25"
AC00109,27,Engineer,2,29.22,389.70,1,1,7460.47,7125.15,7795.79,670.64,2,"2023-02-27 18:33:48","2023-03-10 16:40:00",7795.79,7125.15,-670.64,0.39,0.07,360.48,25-35
AC00110,73,Retired,8,2273.85,233.92,7,1,6877.30,363.92,11565.97,11202.05,5,"2023-01-11 16:58:02","2023-11-17 16:39:20",6501.56,9847.60,3346.04,33.06,9.72,-2039.93,"Above 65"
AC00111,41,Engineer,7,1997.82,1073.91,5,2,7752.75,269.78,14330.47,14060.69,6,"2023-01-23 17:39:08","2023-12-11 18:43:00",7192.45,6697.79,-494.66,25.77,1.86,-923.91,36-50
AC00112,49,Doctor,1,554.15,0.00,1,0,14817.22,14817.22,14817.22,0.00,1,"2023-04-18 17:17:37","2023-04-18 17:17:37",14817.22,14817.22,0.00,3.74,99.99,-554.15,36-50
AC00113,38,Doctor,4,697.70,643.02,3,1,5511.69,1057.00,11989.39,10932.39,3,"2023-01-04 16:02:09","2023-10-02 17:47:19",7873.28,11989.39,4116.11,12.66,1.09,-54.68,36-50
AC00114,29,Doctor,7,1872.95,348.31,4,3,6692.16,2037.85,12801.93,10764.08,6,"2023-02-21 18:13:02","2023-12-13 17:02:21",9409.43,12801.93,3392.50,27.99,5.38,-1524.64,25-35
AC00115,22,Student,3,667.08,85.01,2,1,5561.50,480.19,14904.90,14424.71,2,"2023-01-09 16:54:58","2023-06-07 16:45:34",480.19,14904.90,14424.71,11.99,7.85,-582.07,"Under 25"
AC00116,52,Doctor,6,623.54,556.69,3,3,5196.58,1872.22,11263.89,9391.67,4,"2023-03-08 18:51:57","2023-11-27 17:29:25",11263.89,5126.65,-6137.24,12.00,1.12,-66.85,51-65
AC00117,19,Student,1,55.32,0.00,1,0,241.79,241.79,241.79,0.00,1,"2023-04-12 16:03:37","2023-04-12 16:03:37",241.79,241.79,0.00,22.88,99.99,-55.32,"Under 25"
AC00118,23,Student,4,1250.60,0.00,4,0,2507.67,1204.65,4597.57,3392.92,3,"2023-02-24 16:24:46","2023-04-14 16:00:51",1776.91,1204.65,-572.26,49.87,99.99,-1250.60,"Under 25"
AC00119,65,Doctor,6,1427.91,211.36,5,1,7481.87,151.28,12381.45,12230.17,5,"2023-07-26 16:05:48","2023-12-04 16:10:04",11698.15,7135.64,-4562.51,19.08,6.76,-1216.55,51-65
AC00120,49,Doctor,6,773.06,971.52,4,2,7797.53,701.73,14928.35,14226.62,6,"2023-02-09 17:46:49","2023-11-14 18:49:52",10389.60,701.73,-9687.87,9.91,0.80,198.46,36-50
AC00121,38,Doctor,2,80.97,213.76,1,1,4727.52,3528.72,5926.31,2397.59,2,"2023-01-09 17:27:58","2023-03-01 17:52:14",5926.31,3528.72,-2397.59,1.71,0.38,132.79,36-50
AC00122,28,Engineer,6,942.69,613.70,5,1,4967.56,619.86,9594.11,8974.25,5,"2023-02-03 17:46:54","2023-12-26 16:07:28",2571.39,9594.11,7022.72,18.98,1.54,-328.99,25-35
AC00123,67,Retired,4,919.06,0.00,4,0,7671.04,4536.38,10171.68,5635.30,4,"2023-02-01 17:12:47","2023-11-27 17:51:15",4536.38,10171.68,5635.30,11.98,99.99,-919.06,"Above 65"
AC00124,39,Engineer,4,1190.82,0.00,4,0,7488.18,1804.50,14851.28,13046.78,4,"2023-01-23 17:18:16","2023-12-29 18:07:04",5346.46,7950.48,2604.02,15.90,99.99,-1190.82,36-50
AC00125,18,Student,6,418.62,587.07,3,3,5158.73,940.91,8870.89,7929.98,5,"2023-03-15 16:37:04","2023-12-11 16:52:47",8870.89,7004.63,-1866.26,8.11,0.71,168.45,"Under 25"
AC00126,39,Engineer,7,645.40,874.46,4,3,5026.98,1447.35,10269.78,8822.43,5,"2023-01-02 17:05:16","2023-08-07 16:54:58",1447.35,10269.78,8822.43,12.84,0.74,229.06,36-50
AC00127,46,Engineer,2,545.45,0.00,2,0,7377.25,2051.25,12703.24,10651.99,2,"2023-02-21 16:14:16","2023-03-08 16:57:30",2051.25,12703.24,10651.99,7.39,99.99,-545.45,36-50
AC00128,68,Retired,7,1689.95,1534.94,5,2,3310.42,383.58,12662.66,12279.08,4,"2023-01-03 17:33:54","2023-11-13 17:28:12",2525.47,1134.79,-1390.68,51.05,1.10,-155.01,"Above 65"
AC00129,62,Doctor,4,1095.42,0.00,4,0,6915.41,3651.07,9942.24,6291.17,3,"2023-06-05 16:27:31","2023-10-03 16:22:49",9942.24,3651.07,-6291.17,15.84,99.99,-1095.42,51-65
AC00130,43,Doctor,9,1558.40,1304.43,6,3,5486.90,387.02,13406.00,13018.98,7,"2023-01-30 18:50:14","2023-09-05 16:52:06",8374.38,1711.78,-6662.60,28.40,1.19,-253.97,36-50
AC00131,27,Student,9,1861.88,967.54,7,2,4672.11,125.85,13017.70,12891.85,7,"2023-01-17 17:11:24","2023-11-07 17:44:12",160.83,125.85,-34.98,39.85,1.92,-894.34,25-35
AC00132,28,Engineer,4,244.06,141.87,2,2,5044.51,860.12,13777.79,12917.67,4,"2023-02-08 16:52:09","2023-12-29 16:30:53",860.12,4298.13,3438.01,4.84,1.72,-102.19,25-35
AC00133,24,Student,7,1053.10,345.19,4,3,3986.58,752.25,7807.73,7055.48,4,"2023-01-02 18:35:07","2023-11-23 16:15:59",752.25,6217.86,5465.61,26.42,3.05,-707.91,"Under 25"
AC00134,48,Engineer,1,49.59,0.00,1,0,6037.03,6037.03,6037.03,0.00,1,"2023-08-25 16:45:20","2023-08-25 16:45:20",6037.03,6037.03,0.00,0.82,99.99,-49.59,36-50
AC00135,51,Engineer,2,39.66,106.23,1,1,8796.24,8497.34,9095.14,597.80,2,"2023-03-21 16:59:46","2023-05-18 16:16:53",9095.14,8497.34,-597.80,0.45,0.37,66.57,51-65
AC00136,49,Engineer,8,2354.43,1526.10,5,3,5374.21,164.61,11905.64,11741.03,6,"2023-01-03 18:18:14","2023-11-20 16:31:36",5212.28,164.61,-5047.67,43.81,1.54,-828.33,36-50
AC00137,20,Student,3,377.17,0.00,3,0,3988.95,998.49,9238.08,8239.59,3,"2023-01-09 17:09:31","2023-12-12 16:17:27",998.49,1730.28,731.79,9.46,99.99,-377.17,"Under 25"
AC00138,41,Engineer,2,61.40,355.00,1,1,4039.17,185.47,7892.87,7707.40,2,"2023-01-30 16:45:11","2023-08-29 16:50:17",7892.87,185.47,-7707.40,1.52,0.17,293.60,36-50
AC00139,59,Doctor,8,596.31,825.45,5,3,6090.36,1293.39,9899.94,8606.55,8,"2023-02-23 16:51:34","2023-12-18 16:06:14",7155.04,9553.42,2398.38,9.79,0.72,229.14,51-65
AC00140,26,Student,7,841.12,211.70,6,1,5234.31,1523.72,12272.78,10749.06,4,"2023-04-06 18:06:12","2023-11-13 16:58:19",1788.27,12272.78,10484.51,16.07,3.97,-629.42,25-35
AC00141,25,Student,5,675.58,780.59,4,1,5206.89,958.70,7987.74,7029.04,4,"2023-05-08 17:33:08","2023-10-17 16:58:59",958.70,3559.96,2601.26,12.97,0.87,105.01,25-35
AC00142,25,Student,2,25.58,504.12,1,1,3924.35,1107.28,6741.41,5634.13,2,"2023-04-14 17:35:50","2023-11-16 16:33:22",1107.28,6741.41,5634.13,0.65,0.05,478.54,25-35
AC00143,68,Doctor,5,930.95,447.83,4,1,7637.50,4055.55,13273.08,9217.53,4,"2023-03-13 16:13:13","2023-08-18 17:02:15",10790.80,4437.48,-6353.32,12.19,2.08,-483.12,"Above 65"
AC00144,25,Student,8,1343.93,499.04,6,2,4127.65,783.83,9313.05,8529.22,7,"2023-01-24 18:43:06","2023-12-04 17:53:57",783.83,1265.28,481.45,32.56,2.69,-844.89,25-35
AC00145,27,Engineer,5,1305.15,97.63,4,1,4859.60,319.84,12467.31,12147.47,5,"2023-01-02 17:26:34","2023-09-12 16:50:21",9269.67,319.84,-8949.83,26.86,13.37,-1207.52,25-35
AC00146,40,Doctor,2,1135.80,35.98,1,1,12340.82,11147.34,13534.30,2386.96,2,"2023-08-17 16:14:47","2023-09-06 16:03:15",11147.34,13534.30,2386.96,9.20,31.57,-1099.82,36-50
AC00147,26,Engineer,3,117.90,270.72,2,1,7854.64,6263.96,9028.49,2764.53,3,"2023-07-03 18:01:00","2023-11-20 17:17:05",6263.96,9028.49,2764.53,1.50,0.44,152.82,25-35
AC00148,62,Doctor,5,2549.29,319.50,4,1,6203.84,2366.30,10862.99,8496.69,4,"2023-01-12 17:57:06","2023-08-21 16:07:13",10862.99,4516.76,-6346.23,41.09,7.98,-2229.79,51-65
AC00149,58,Retired,6,2218.10,0.00,6,0,7058.09,618.05,12046.30,11428.25,6,"2023-01-23 17:24:29","2023-11-09 18:45:10",1390.98,9938.20,8547.22,31.43,99.99,-2218.10,51-65
AC00150,22,Student,7,2012.78,17.78,6,1,5858.76,359.06,12470.62,12111.56,5,"2023-01-30 17:36:54","2023-07-04 16:25:35",793.63,1544.88,751.25,34.36,113.20,-1995.00,"Under 25"
AC00151,21,Student,4,606.65,550.18,2,2,6460.79,560.73,10652.13,10091.40,3,"2023-01-26 16:13:15","2023-06-05 17:48:33",560.73,4474.20,3913.47,9.39,1.10,-56.47,"Under 25"
AC00152,61,Retired,4,939.95,29.92,3,1,3941.26,832.82,7855.01,7022.19,3,"2023-03-15 17:45:31","2024-01-01 16:25:13",3279.12,7855.01,4575.89,23.85,31.42,-910.03,51-65
AC00153,64,Retired,7,2362.39,89.50,6,1,4495.13,271.64,8658.95,8387.31,6,"2023-01-27 16:40:28","2023-09-18 17:44:50",6009.12,447.53,-5561.59,52.55,26.40,-2272.89,51-65
AC00154,36,Engineer,5,869.43,0.00,5,0,3856.71,921.23,7981.45,7060.22,5,"2023-01-09 17:56:30","2023-11-30 17:53:48",2240.49,6810.94,4570.45,22.54,99.99,-869.43,36-50
AC00155,32,Doctor,6,1757.20,0.00,6,0,5971.55,667.66,9679.68,9012.02,5,"2023-01-23 16:47:11","2024-01-01 16:12:32",9679.68,8092.94,-1586.74,29.43,99.99,-1757.20,25-35
AC00156,58,Retired,5,2155.04,0.00,5,0,2481.34,813.68,6100.08,5286.40,5,"2023-03-17 16:34:52","2023-12-18 16:47:17",2189.38,1182.77,-1006.61,86.85,99.99,-2155.04,51-65
AC00157,69,Retired,5,734.94,514.15,3,2,4543.08,3228.87,6142.54,2913.67,4,"2023-04-17 17:43:23","2023-12-04 17:25:18",3240.14,4735.41,1495.27,16.18,1.43,-220.79,"Above 65"
AC00158,72,Retired,7,1027.96,1326.66,4,3,5047.85,1623.50,7986.63,6363.13,6,"2023-05-16 16:57:35","2023-12-22 17:31:59",7318.64,7516.56,197.92,20.36,0.77,298.70,"Above 65"
AC00159,69,Retired,5,217.10,807.04,2,3,5827.55,1649.43,11903.82,10254.39,4,"2023-02-13 16:59:39","2023-08-10 16:39:44",3907.54,2154.58,-1752.96,3.73,0.27,589.94,"Above 65"
AC00160,65,Doctor,2,1026.89,0.00,2,0,5922.67,1292.10,10553.23,9261.13,2,"2023-01-23 17:22:25","2023-10-03 16:15:25",10553.23,1292.10,-9261.13,17.34,99.99,-1026.89,51-65
AC00161,41,Doctor,4,1965.90,0.00,4,0,7019.25,421.93,13891.47,13469.54,4,"2023-04-13 18:37:48","2023-12-11 16:06:51",421.93,7696.16,7274.23,28.01,99.99,-1965.90,36-50
AC00162,26,Engineer,2,89.75,0.00,2,0,2093.06,932.61,3253.51,2320.90,2,"2023-01-16 17:39:25","2023-11-13 16:16:24",3253.51,932.61,-2320.90,4.29,99.99,-89.75,25-35
AC00163,18,Student,2,227.14,388.77,1,1,1000.22,341.94,1658.49,1316.55,2,"2023-07-03 17:42:08","2023-12-11 16:57:08",341.94,1658.49,1316.55,22.71,0.58,161.63,"Under 25"
AC00164,25,Student,6,3039.38,0.00,6,0,6175.10,337.62,14352.33,14014.71,5,"2023-01-05 16:13:59","2023-07-12 16:54:53",7174.69,337.62,-6837.07,49.22,99.99,-3039.38,25-35
AC00165,61,Doctor,6,940.54,820.62,5,1,4871.54,268.77,12002.16,11733.39,4,"2023-03-03 17:18:59","2023-11-14 16:09:22",6024.80,12002.16,5977.36,19.31,1.15,-119.92,51-65
AC00166,19,Student,6,1224.67,182.79,5,1,4251.55,1251.85,8208.54,6956.69,4,"2023-02-17 16:28:12","2023-12-12 17:41:53",1595.26,7863.60,6268.34,28.81,6.70,-1041.88,"Under 25"
AC00167,66,Retired,5,1581.57,0.00,5,0,5161.33,922.19,9754.73,8832.54,4,"2023-01-19 16:28:08","2023-09-27 16:39:38",6414.11,7044.63,630.52,30.64,99.99,-1581.57,"Above 65"
AC00168,49,Engineer,1,0.00,77.83,0,1,2471.53,2471.53,2471.53,0.00,1,"2023-12-27 16:40:01","2023-12-27 16:40:01",2471.53,2471.53,0.00,0.00,0.00,77.83,36-50
AC00169,66,Doctor,2,175.69,0.00,2,0,7002.05,4618.53,9385.57,4767.04,2,"2023-05-10 16:15:31","2023-08-14 16:46:26",9385.57,4618.53,-4767.04,2.51,99.99,-175.69,"Above 65"
AC00170,32,Engineer,7,529.98,1201.30,5,2,5322.22,609.60,7954.92,7345.32,6,"2023-01-02 16:36:02","2023-12-21 16:21:27",7954.92,7816.41,-138.51,9.96,0.44,671.32,25-35
AC00171,72,Retired,5,889.93,0.00,5,0,7441.08,761.78,14977.99,14216.21,4,"2023-02-06 16:09:48","2023-12-21 17:56:04",7460.33,1111.67,-6348.66,11.96,99.99,-889.93,"Above 65"
AC00172,23,Student,5,2435.53,469.46,3,2,4234.56,342.73,8037.87,7695.14,4,"2023-05-01 16:18:16","2023-10-30 16:18:48",342.73,7677.76,7335.03,57.52,5.19,-1966.07,"Under 25"
AC00173,33,Doctor,4,1296.61,498.59,3,1,5366.01,1008.76,8475.47,7466.71,4,"2023-01-30 16:20:26","2023-11-03 16:31:22",5862.99,1008.76,-4854.23,24.16,2.60,-798.02,25-35
AC00174,63,Doctor,4,264.07,436.61,2,2,4297.87,1121.19,9009.56,7888.37,4,"2023-03-30 16:00:25","2023-10-16 16:29:39",5238.37,1121.19,-4117.18,6.14,0.60,172.54,51-65
AC00175,63,Doctor,7,694.32,1442.22,3,4,6035.41,2968.75,13884.24,10915.49,6,"2023-02-06 18:39:23","2023-11-27 16:33:20",13884.24,2987.97,-10896.27,11.50,0.48,747.90,51-65
AC00176,18,Student,8,1761.77,595.91,7,1,3415.33,165.75,7542.74,7376.99,5,"2023-01-16 18:57:13","2023-12-25 18:29:05",304.44,4835.91,4531.47,51.58,2.96,-1165.86,"Under 25"
AC00177,60,Engineer,9,1918.68,1034.42,5,4,4208.69,135.96,14401.17,14265.21,8,"2023-01-03 17:56:37","2023-12-05 18:33:02",8274.77,1298.13,-6976.64,45.59,1.85,-884.26,51-65
AC00178,79,Retired,5,812.21,66.90,4,1,4872.18,1008.44,7643.66,6635.22,3,"2023-04-17 16:50:45","2023-10-19 17:34:53",5238.71,7369.89,2131.18,16.67,12.14,-745.31,"Above 65"
AC00179,68,Retired,6,1775.31,2044.42,4,2,8851.88,2012.24,13538.14,11525.90,5,"2023-02-09 16:29:06","2023-10-27 18:28:05",6400.59,10462.77,4062.18,20.06,0.87,269.11,"Above 65"
AC00180,26,Student,1,108.96,0.00,1,0,7597.66,7597.66,7597.66,0.00,1,"2023-10-10 18:12:07","2023-10-10 18:12:07",7597.66,7597.66,0.00,1.43,99.99,-108.96,25-35
AC00181,28,Student,5,1447.30,0.00,5,0,4768.77,824.71,9660.22,8835.51,4,"2023-01-12 18:07:21","2023-12-04 18:27:11",824.71,4392.73,3568.02,30.35,99.99,-1447.30,25-35
AC00182,41,Engineer,8,3282.39,271.22,7,1,3058.39,112.76,6863.02,6750.26,6,"2023-01-30 16:34:16","2023-10-16 17:47:41",5906.58,1790.27,-4116.31,107.32,12.10,-3011.17,36-50
AC00183,51,Retired,6,1425.29,210.68,4,2,3703.41,129.79,6581.55,6451.76,4,"2023-02-23 16:04:35","2023-09-18 16:19:03",6581.55,3791.99,-2789.56,38.49,6.77,-1214.61,51-65
AC00184,67,Doctor,4,1021.61,0.00,4,0,7573.00,2264.98,10483.93,8218.95,3,"2023-05-29 16:40:15","2023-10-31 17:06:47",8042.30,10483.93,2441.63,13.49,99.99,-1021.61,"Above 65"
AC00185,49,Engineer,6,422.90,1031.51,4,2,4565.13,658.91,10724.95,10066.04,5,"2023-01-12 16:35:36","2023-12-18 17:09:29",3931.03,3921.74,-9.29,9.26,0.41,608.61,36-50
AC00186,29,Engineer,2,199.23,257.60,1,1,8892.37,7950.74,9834.00,1883.26,2,"2023-09-04 16:04:27","2023-12-18 16:30:46",9834.00,7950.74,-1883.26,2.24,0.77,58.37,25-35
AC00187,57,Engineer,5,833.23,119.95,4,1,4231.83,2104.82,7941.73,5836.91,5,"2023-02-13 16:44:51","2023-10-02 17:44:05",3278.65,2104.82,-1173.83,19.69,6.95,-713.28,51-65
AC00188,40,Doctor,5,179.38,375.40,1,4,6394.69,552.06,11666.18,11114.12,4,"2023-03-13 17:16:57","2023-09-25 16:22:10",11666.18,6295.45,-5370.73,2.81,0.48,196.02,36-50
AC00189,22,Student,5,603.64,906.43,3,2,2049.51,213.00,4087.44,3874.44,4,"2023-01-23 17:35:42","2023-10-09 18:28:04",830.37,3133.85,2303.48,29.45,0.67,302.79,"Under 25"
AC00190,27,Student,5,1104.14,0.00,5,0,2487.64,690.16,7417.69,6727.53,4,"2023-01-09 16:05:02","2023-08-30 17:54:55",690.16,1562.90,872.74,44.39,99.99,-1104.14,25-35
AC00191,27,Engineer,3,511.30,0.00,3,0,11100.47,6704.76,13330.74,6625.98,3,"2023-01-06 16:13:53","2023-12-28 18:53:29",6704.76,13265.92,6561.16,4.61,99.99,-511.30,25-35
AC00192,54,Retired,4,2250.17,0.00,4,0,7032.63,1913.73,12799.34,10885.61,4,"2023-02-20 16:08:48","2023-09-07 16:28:19",7474.31,12799.34,5325.03,32.00,99.99,-2250.17,51-65
AC00193,57,Retired,2,531.48,0.00,2,0,5706.59,4079.09,7334.08,3254.99,2,"2023-05-22 16:24:02","2023-10-12 16:29:09",4079.09,7334.08,3254.99,9.31,99.99,-531.48,51-65
AC00194,48,Doctor,5,183.63,760.79,2,3,4145.79,459.37,6459.38,6000.01,5,"2023-01-30 17:11:53","2023-09-08 16:28:54",6459.38,3990.60,-2468.78,4.43,0.24,577.16,36-50
AC00195,55,Retired,2,393.68,584.98,1,1,8328.47,6521.05,10135.88,3614.83,2,"2023-06-12 16:25:22","2023-09-18 16:40:55",6521.05,10135.88,3614.83,4.73,0.67,191.30,51-65
AC00196,28,Engineer,6,2027.38,0.00,6,0,5811.73,3473.24,7587.48,4114.24,5,"2023-03-03 16:21:27","2023-12-20 18:58:27",4630.58,7534.73,2904.15,34.88,99.99,-2027.38,25-35
AC00197,36,Doctor,4,283.41,318.92,3,1,4838.83,1167.25,11123.65,9956.40,4,"2023-03-27 17:25:28","2023-11-06 16:31:43",11123.65,2732.86,-8390.79,5.86,0.89,35.51,36-50
AC00198,58,Engineer,2,1067.82,0.00,2,0,5989.48,230.09,11748.86,11518.77,2,"2023-01-13 16:44:26","2023-06-23 17:38:26",230.09,11748.86,11518.77,17.83,99.99,-1067.82,51-65
AC00199,37,Doctor,1,0.00,7.08,0,1,13316.71,13316.71,13316.71,0.00,1,"2023-02-15 16:36:48","2023-02-15 16:36:48",13316.71,13316.71,0.00,0.00,0.00,7.08,36-50
AC00200,24,Student,7,1470.96,76.51,6,1,5245.60,221.79,12893.85,12672.06,6,"2023-01-23 16:19:25","2023-10-12 16:02:13",1127.54,7844.88,6717.34,28.04,19.23,-1394.45,"Under 25"
AC00201,55,Retired,5,490.21,545.11,3,2,2108.83,672.79,4707.24,4034.45,5,"2023-01-30 16:08:07","2023-11-27 17:04:28",1886.36,2475.65,589.29,23.25,0.90,54.90,51-65
AC00202,75,Retired,12,2522.71,1199.41,8,4,3980.30,319.65,8932.39,8612.74,8,"2023-03-02 17:53:32","2023-12-22 16:25:16",4875.86,5677.05,801.19,63.38,2.10,-1323.30,"Above 65"
AC00203,22,Student,6,2408.99,332.29,4,2,5597.17,712.13,9733.83,9021.70,6,"2023-02-16 18:56:44","2023-12-15 16:04:20",1244.93,6151.05,4906.12,43.04,7.25,-2076.70,"Under 25"
AC00204,65,Doctor,7,1632.19,1026.56,4,3,4325.53,289.71,14489.69,14199.98,6,"2023-05-29 18:55:01","2024-01-01 16:30:58",14489.69,7375.73,-7113.96,37.73,1.59,-605.63,51-65
AC00205,26,Student,4,26.30,1631.71,1,3,6163.80,1584.60,9927.75,8343.15,3,"2023-03-29 16:10:33","2023-12-12 16:57:29",1584.60,7473.73,5889.13,0.43,0.02,1605.41,25-35
AC00206,27,Student,2,436.80,74.11,1,1,2588.22,1256.33,3920.11,2663.78,2,"2023-07-03 16:15:11","2023-09-08 16:09:45",1256.33,3920.11,2663.78,16.88,5.89,-362.69,25-35
AC00207,71,Retired,2,38.14,220.68,1,1,3334.21,1119.21,5549.20,4429.99,2,"2023-10-09 18:23:25","2023-12-28 16:51:20",5549.20,1119.21,-4429.99,1.14,0.17,182.54,"Above 65"
AC00208,46,Doctor,4,2470.84,0.00,4,0,3018.81,756.74,6101.15,5344.41,4,"2023-07-25 17:42:45","2023-12-29 17:17:48",6101.15,3801.82,-2299.33,81.85,99.99,-2470.84,36-50
AC00209,53,Retired,5,1101.67,276.16,4,1,3774.78,1733.34,8457.09,6723.75,4,"2023-02-13 16:14:17","2023-12-01 17:45:19",1733.34,2293.13,559.79,29.19,3.99,-825.51,51-65
AC00210,58,Engineer,4,1043.15,0.00,4,0,6364.28,3959.62,10628.59,6668.97,4,"2023-03-13 16:08:41","2023-12-11 16:37:20",4382.73,6486.18,2103.45,16.39,99.99,-1043.15,51-65
AC00211,41,Doctor,4,1989.56,0.00,4,0,7203.62,3173.17,11108.39,7935.22,4,"2023-01-10 17:40:16","2023-08-30 18:38:56",11108.39,3173.17,-7935.22,27.62,99.99,-1989.56,36-50
AC00212,41,Doctor,3,936.99,0.00,3,0,8039.32,2991.17,11036.74,8045.57,3,"2023-09-28 16:20:57","2023-12-25 16:11:46",10090.05,11036.74,946.69,11.66,99.99,-936.99,36-50
AC00213,18,Student,6,1358.99,217.73,4,2,5226.29,412.78,13694.68,13281.90,5,"2023-02-17 16:53:25","2023-12-04 17:06:43",6149.81,1636.32,-4513.49,26.00,6.24,-1141.26,"Under 25"
AC00214,24,Student,2,215.44,0.00,2,0,3292.69,703.26,5882.12,5178.86,2,"2023-03-03 17:49:53","2023-05-22 17:45:02",703.26,5882.12,5178.86,6.54,99.99,-215.44,"Under 25"
AC00215,32,Engineer,5,826.30,135.57,4,1,6968.14,714.45,11619.10,10904.65,5,"2023-02-06 17:57:28","2023-12-25 17:41:33",714.45,11619.10,10904.65,11.86,6.10,-690.73,25-35
AC00216,37,Doctor,5,1111.20,235.83,4,1,5081.76,711.66,9410.99,8699.33,4,"2023-02-13 18:42:09","2023-10-23 16:35:48",9410.99,6189.24,-3221.75,21.87,4.71,-875.37,36-50
AC00217,39,Engineer,6,1395.58,0.00,6,0,2673.51,471.28,6452.14,5980.86,6,"2023-02-06 16:26:29","2023-12-04 16:27:40",6452.14,796.35,-5655.79,52.20,99.99,-1395.58,36-50
AC00218,60,Engineer,7,1360.13,463.11,6,1,6312.39,1616.30,11310.27,9693.97,6,"2023-01-05 16:56:49","2023-11-03 18:33:50",2284.41,7208.15,4923.74,21.55,2.94,-897.02,51-65
AC00219,39,Engineer,10,1112.45,316.54,7,3,5530.19,246.57,14473.33,14226.76,6,"2023-01-23 16:05:42","2023-12-27 17:18:17",2988.41,1204.11,-1784.30,20.12,3.51,-795.91,36-50
AC00220,40,Doctor,6,1191.04,1360.01,5,1,6363.11,3138.00,9129.68,5991.68,4,"2023-04-11 16:06:20","2023-11-06 16:34:10",9129.68,7176.86,-1952.82,18.72,0.88,168.97,36-50
AC00221,62,Retired,1,170.24,0.00,1,0,5172.99,5172.99,5172.99,0.00,1,"2023-06-05 16:24:12","2023-06-05 16:24:12",5172.99,5172.99,0.00,3.29,99.99,-170.24,51-65
AC00222,68,Doctor,4,1645.99,0.00,4,0,3920.59,101.25,7530.30,7429.05,3,"2023-05-01 16:43:40","2023-10-09 16:17:07",7006.46,101.25,-6905.21,41.98,99.99,-1645.99,"Above 65"
AC00223,20,Student,2,822.40,0.00,2,0,7726.22,6213.32,9239.12,3025.80,2,"2023-01-17 16:59:03","2023-11-15 16:08:52",9239.12,6213.32,-3025.80,10.64,99.99,-822.40,"Under 25"
AC00224,19,Student,2,480.70,0.00,2,0,4353.32,123.24,8583.39,8460.15,2,"2023-09-26 16:08:25","2023-11-16 17:14:01",123.24,8583.39,8460.15,11.04,99.99,-480.70,"Under 25"
AC00225,26,Student,11,2642.57,283.73,9,2,4387.59,214.61,9404.63,9190.02,8,"2023-02-06 16:40:27","2023-11-13 16:11:52",214.61,7885.64,7671.03,60.23,9.31,-2358.84,25-35
AC00227,33,Doctor,5,1642.88,0.00,5,0,6610.35,906.20,14494.18,13587.98,4,"2023-01-09 16:12:01","2023-12-22 18:24:01",5307.74,1146.09,-4161.65,24.85,99.99,-1642.88,25-35
AC00228,52,Retired,8,1893.43,616.47,6,2,6111.25,2038.31,13704.92,11666.61,7,"2023-01-20 16:34:35","2023-12-21 18:44:40",4840.31,6039.04,1198.73,30.98,3.07,-1276.96,51-65
AC00229,53,Retired,5,754.61,348.70,4,1,4422.44,914.16,9523.72,8609.56,5,"2023-01-17 18:42:28","2023-12-25 17:18:58",3897.17,914.16,-2983.01,17.06,2.16,-405.91,51-65
AC00230,22,Student,3,771.93,584.82,2,1,6717.67,1257.90,12071.10,10813.20,3,"2023-07-18 16:05:40","2023-11-27 16:10:37",1257.90,6824.00,5566.10,11.49,1.32,-187.11,"Under 25"
AC00231,78,Retired,5,784.75,802.52,3,2,7652.62,4895.87,9962.50,5066.63,4,"2023-02-22 17:15:20","2023-12-18 17:53:03",4895.87,9738.60,4842.73,10.25,0.98,17.77,"Above 65"
AC00232,49,Engineer,5,1230.29,80.27,3,2,6050.38,1715.22,11749.77,10034.55,5,"2023-03-20 16:28:17","2023-12-25 17:53:56",2114.30,11088.95,8974.65,20.33,15.33,-1150.02,36-50
AC00233,50,Engineer,6,747.65,67.07,5,1,6186.76,717.99,12385.05,11667.06,4,"2023-04-07 16:16:00","2023-11-27 17:01:48",9879.87,11847.07,1967.20,12.08,11.15,-680.58,36-50
AC00235,27,Engineer,7,1353.30,0.00,7,0,6119.73,3293.01,9418.08,6125.07,7,"2023-01-02 16:31:28","2023-11-30 16:31:03",4860.01,9418.08,4558.07,22.11,99.99,-1353.30,25-35
AC00236,60,Doctor,6,2072.40,0.00,6,0,5299.06,1307.23,13521.76,12214.53,4,"2023-01-11 17:04:19","2023-12-05 17:57:39",13521.76,1307.23,-12214.53,39.11,99.99,-2072.40,51-65
AC00237,29,Doctor,5,944.32,885.33,4,1,10119.09,6675.03,14321.73,7646.70,5,"2023-02-06 16:42:16","2023-10-24 17:09:41",9791.74,6675.03,-3116.71,9.33,1.07,-58.99,25-35
AC00238,24,Student,1,335.68,0.00,1,0,1188.95,1188.95,1188.95,0.00,1,"2023-11-06 17:20:40","2023-11-06 17:20:40",1188.95,1188.95,0.00,28.23,99.99,-335.68,"Under 25"
AC00239,27,Engineer,5,610.16,425.98,3,2,4057.00,1334.09,6852.16,5518.07,4,"2023-02-28 17:24:26","2023-12-28 17:31:03",2801.28,6689.87,3888.59,15.04,1.43,-184.18,25-35
AC00240,75,Retired,2,1151.18,350.14,1,1,1751.66,1100.06,2403.25,1303.19,2,"2023-03-24 18:50:42","2023-08-25 17:26:27",2403.25,1100.06,-1303.19,65.72,3.29,-801.04,"Above 65"
AC00241,42,Doctor,9,1509.61,233.10,8,1,5154.22,852.98,9630.00,8777.02,5,"2023-01-16 17:28:48","2024-01-01 17:16:23",7469.20,7167.57,-301.63,29.29,6.48,-1276.51,36-50
AC00242,59,Retired,9,689.99,619.70,5,4,4646.25,184.72,9379.53,9194.81,6,"2023-02-21 16:56:50","2023-11-20 16:29:48",7948.37,2788.20,-5160.17,14.85,1.11,-70.29,51-65
AC00243,73,Retired,4,553.30,176.52,3,1,4149.62,1035.22,7132.08,6096.86,3,"2023-03-14 17:06:18","2023-08-21 17:10:10",7132.08,1819.91,-5312.17,13.33,3.13,-376.78,"Above 65"
AC00244,29,Engineer,5,1826.25,0.00,5,0,3762.47,151.42,6853.51,6702.09,4,"2023-04-10 18:27:51","2023-10-12 17:10:20",6214.54,6853.51,638.97,48.54,99.99,-1826.25,25-35
AC00245,30,Doctor,6,467.85,593.65,4,2,8931.12,1950.63,13485.00,11534.37,5,"2023-02-06 16:32:53","2023-12-15 16:16:30",13485.00,7568.40,-5916.60,5.24,0.79,125.80,25-35
AC00246,69,Doctor,5,643.64,0.00,5,0,9185.62,816.01,14631.88,13815.87,4,"2023-02-13 17:48:36","2023-12-22 17:49:57",10017.11,14077.97,4060.86,7.01,99.99,-643.64,"Above 65"
AC00247,31,Doctor,7,1055.16,101.28,6,1,5752.72,467.40,14350.11,13882.71,5,"2023-03-08 16:58:31","2024-01-01 17:37:04",10704.95,5599.81,-5105.14,18.34,10.42,-953.88,25-35
AC00248,53,Doctor,7,1220.80,959.77,3,4,1939.47,362.40,5243.00,4880.60,6,"2023-04-11 17:18:50","2023-12-01 17:45:05",1649.69,5243.00,3593.31,62.95,1.27,-261.03,51-65
AC00249,65,Doctor,5,441.66,160.52,4,1,8682.34,5379.25,13531.22,8151.97,4,"2023-02-24 16:23:22","2023-12-18 18:34:33",13531.22,7330.31,-6200.91,5.09,2.75,-281.14,51-65
AC00250,20,Student,2,153.07,840.16,1,1,5055.10,1236.76,8873.43,7636.67,2,"2023-03-20 16:35:53","2023-04-03 18:37:57",1236.76,8873.43,7636.67,3.03,0.18,687.09,"Under 25"
AC00251,53,Retired,4,1886.92,883.92,3,1,3080.41,476.19,6368.32,5892.13,4,"2023-06-21 16:40:17","2023-12-25 17:05:00",3134.47,476.19,-2658.28,61.26,2.13,-1003.00,51-65
AC00252,74,Retired,2,1501.57,0.00,2,0,6773.72,5946.45,7600.99,1654.54,2,"2023-08-28 16:40:01","2023-12-25 17:12:21",7600.99,5946.45,-1654.54,22.17,99.99,-1501.57,"Above 65"
AC00253,36,Doctor,6,1976.18,1117.66,4,2,3488.99,354.90,7145.67,6790.77,6,"2023-02-20 17:23:03","2023-11-29 17:43:51",354.90,7145.67,6790.77,56.64,1.77,-858.52,36-50
AC00254,31,Doctor,6,1203.99,0.00,6,0,5198.93,587.12,9274.64,8687.52,3,"2023-03-10 18:59:46","2023-11-23 16:59:11",8656.18,9274.64,618.46,23.16,99.99,-1203.99,25-35
AC00255,33,Engineer,3,942.04,137.86,2,1,7753.02,6777.12,8434.99,1657.87,3,"2023-01-09 16:08:44","2023-11-06 16:32:58",8434.99,6777.12,-1657.87,12.15,6.83,-804.18,25-35
AC00256,57,Retired,3,1258.39,0.00,3,0,5221.81,548.45,9975.79,9427.34,3,"2023-03-27 18:47:56","2023-12-19 17:19:47",5141.19,548.45,-4592.74,24.10,99.99,-1258.39,51-65
AC00257,39,Doctor,11,2728.83,681.19,9,2,6594.16,213.36,12652.22,12438.86,9,"2023-01-02 16:27:18","2023-12-06 17:10:35",6474.41,8171.26,1696.85,41.38,4.01,-2047.64,36-50
AC00258,62,Retired,7,1215.78,383.82,4,3,3264.93,686.91,8510.09,7823.18,4,"2023-03-02 16:11:53","2023-11-28 16:09:34",1363.65,686.91,-676.74,37.24,3.17,-831.96,51-65
AC00259,20,Student,3,576.33,35.94,2,1,3837.08,1223.45,8590.50,7367.05,3,"2023-01-10 16:32:06","2023-10-23 16:27:20",1223.45,8590.50,7367.05,15.02,16.04,-540.39,"Under 25"
AC00260,77,Retired,4,423.78,97.22,3,1,3065.16,966.88,6647.73,5680.85,4,"2023-02-20 17:30:19","2023-11-24 17:52:34",6647.73,1615.04,-5032.69,13.83,4.36,-326.56,"Above 65"
AC00261,69,Doctor,8,1161.03,0.00,8,0,5556.28,1244.17,10971.32,9727.15,5,"2023-02-07 17:20:24","2023-07-14 16:22:54",8354.54,7640.57,-713.97,20.90,99.99,-1161.03,"Above 65"
AC00262,64,Retired,5,1413.26,939.10,2,3,2872.00,1006.12,8643.51,7637.39,4,"2023-01-26 18:07:00","2023-10-30 16:49:25",1006.12,2393.73,1387.61,49.21,1.50,-474.16,51-65
AC00263,70,Retired,5,403.72,1147.12,3,2,8126.63,4580.59,12948.50,8367.91,4,"2023-05-31 17:21:07","2023-12-29 16:45:06",4580.59,4704.91,124.32,4.97,0.35,743.40,"Above 65"
AC00264,20,Student,6,2647.53,0.00,6,0,2540.18,189.69,7358.65,7168.96,4,"2023-07-17 16:48:23","2023-11-20 16:39:15",867.32,189.69,-677.63,104.23,99.99,-2647.53,"Under 25"
AC00265,21,Student,9,2126.44,1827.16,5,4,5747.24,605.95,10328.23,9722.28,8,"2023-01-17 16:48:10","2023-12-04 16:14:07",1240.71,9578.74,8338.03,37.00,1.16,-299.28,"Under 25"
AC00266,59,Retired,4,602.83,11.30,3,1,5184.90,1938.99,7915.00,5976.01,4,"2023-03-16 16:02:01","2023-12-01 16:33:43",6044.93,1938.99,-4105.94,11.63,53.35,-591.53,51-65
AC00267,36,Engineer,10,1912.17,90.94,9,1,3659.88,1075.15,8576.65,7501.50,9,"2023-01-13 16:23:56","2023-12-06 17:34:01",2137.90,8576.65,6438.75,52.25,21.03,-1821.23,36-50
AC00268,48,Engineer,4,1769.19,78.77,3,1,6291.06,1189.03,11988.12,10799.09,4,"2023-05-08 18:36:59","2023-09-22 16:13:06",6470.57,1189.03,-5281.54,28.12,22.46,-1690.42,36-50
AC00269,71,Retired,3,459.61,0.00,3,0,7879.65,4287.82,13388.56,9100.74,3,"2023-06-14 16:30:42","2023-11-24 16:30:21",5962.58,13388.56,7425.98,5.83,99.99,-459.61,"Above 65"
AC00270,20,Student,2,672.29,0.00,2,0,1960.10,454.66,3465.54,3010.88,2,"2023-09-13 18:47:47","2023-12-12 16:23:31",454.66,3465.54,3010.88,34.30,99.99,-672.29,"Under 25"
AC00271,65,Retired,5,267.47,444.06,2,3,2121.43,469.14,3736.38,3267.24,3,"2023-04-10 16:51:43","2023-12-29 16:32:37",1228.93,1637.75,408.82,12.61,0.60,176.59,51-65
AC00272,21,Student,8,2341.84,0.00,8,0,4363.20,464.20,7231.47,6767.27,6,"2023-01-16 16:53:38","2023-12-18 16:33:07",1000.46,3872.55,2872.09,53.67,99.99,-2341.84,"Under 25"
AC00273,30,Doctor,4,2360.22,30.48,3,1,4521.26,264.83,11481.85,11217.02,4,"2023-01-17 17:50:51","2023-12-04 16:27:11",5567.98,11481.85,5913.87,52.20,77.44,-2329.74,25-35
AC00274,43,Engineer,5,555.13,775.23,4,1,6314.33,4159.52,9374.24,5214.72,5,"2023-06-14 16:34:43","2023-11-08 17:24:54",4159.52,6851.31,2691.79,8.79,0.72,220.10,36-50
AC00275,23,Student,9,1438.01,521.79,6,3,5409.71,611.86,13625.52,13013.66,7,"2023-01-26 17:21:46","2023-11-06 17:23:43",699.90,5950.48,5250.58,26.58,2.76,-916.22,"Under 25"
AC00276,22,Student,5,1471.14,0.00,5,0,6876.45,2227.49,11417.91,9190.42,3,"2023-03-07 17:24:45","2023-09-04 17:46:40",4500.26,10721.29,6221.03,21.39,99.99,-1471.14,"Under 25"
AC00277,33,Doctor,3,1325.31,0.00,3,0,7847.46,749.34,14268.95,13519.61,3,"2023-02-13 18:36:21","2023-09-12 18:46:45",749.34,8524.09,7774.75,16.89,99.99,-1325.31,25-35
AC00278,21,Student,3,412.85,425.18,2,1,8107.50,1451.02,12990.77,11539.75,3,"2023-08-07 18:07:57","2023-12-25 17:31:16",1451.02,12990.77,11539.75,5.09,0.97,12.33,"Under 25"
AC00279,44,Doctor,9,2123.00,0.00,9,0,7029.76,518.54,14328.29,13809.75,6,"2023-01-20 16:09:37","2023-09-01 18:05:37",11869.71,518.54,-11351.17,30.20,99.99,-2123.00,36-50
AC00280,20,Student,5,677.47,1060.84,3,2,6585.81,1523.04,12995.70,11472.66,4,"2023-03-31 17:50:09","2023-12-06 17:27:14",1523.04,10001.66,8478.62,10.29,0.64,383.37,"Under 25"
AC00281,66,Doctor,4,990.73,161.38,3,1,7851.97,3900.34,12319.26,8418.92,4,"2023-01-02 16:06:29","2023-11-09 16:06:17",6366.43,3900.34,-2466.09,12.62,6.14,-829.35,"Above 65"
AC00282,67,Doctor,6,1485.70,300.08,5,1,7422.99,1509.27,13546.75,12037.48,6,"2023-01-10 16:28:02","2023-12-13 16:01:38",10631.43,1509.27,-9122.16,20.01,4.95,-1185.62,"Above 65"
AC00283,21,Student,1,77.90,0.00,1,0,664.72,664.72,664.72,0.00,1,"2023-12-25 17:42:00","2023-12-25 17:42:00",664.72,664.72,0.00,11.72,99.99,-77.90,"Under 25"
AC00284,57,Engineer,8,3205.90,327.45,6,2,5602.19,234.41,13586.06,13351.65,6,"2023-01-18 16:47:29","2023-11-15 18:04:22",5994.87,4764.48,-1230.39,57.23,9.79,-2878.45,51-65
AC00285,50,Engineer,7,2097.14,739.43,5,2,5298.99,136.74,13558.56,13421.82,6,"2023-01-30 17:28:00","2023-11-03 16:50:20",453.39,9384.54,8931.15,39.58,2.84,-1357.71,36-50
AC00286,33,Engineer,6,496.81,47.23,5,1,4575.34,259.77,9603.73,9343.96,5,"2023-04-17 16:56:06","2023-10-10 17:24:33",6939.23,9603.73,2664.50,10.86,10.52,-449.58,25-35
AC00287,51,Retired,2,568.76,73.01,1,1,4740.83,1997.33,7484.32,5486.99,1,"2023-10-09 16:48:50","2023-10-18 18:26:25",7484.32,1997.33,-5486.99,12.00,7.79,-495.75,51-65
AC00288,40,Engineer,3,1188.25,0.00,3,0,4081.38,2008.77,7947.44,5938.67,3,"2023-02-06 16:48:45","2023-10-26 17:51:32",2008.77,7947.44,5938.67,29.11,99.99,-1188.25,36-50
AC00289,72,Retired,3,1039.22,0.00,3,0,4222.60,1919.97,8422.06,6502.09,3,"2023-03-10 17:34:34","2023-08-10 16:23:08",2325.78,1919.97,-405.81,24.61,99.99,-1039.22,"Above 65"
AC00290,48,Engineer,4,1548.69,342.17,3,1,3901.58,461.83,7272.01,6810.18,4,"2023-02-13 16:44:18","2023-12-14 16:09:42",5081.26,461.83,-4619.43,39.69,4.53,-1206.52,36-50
AC00291,53,Engineer,7,2444.18,383.95,6,1,7245.48,2583.07,9933.56,7350.49,6,"2023-01-25 17:12:17","2023-09-20 17:57:15",7089.90,9933.56,2843.66,33.73,6.37,-2060.23,51-65
AC00292,49,Doctor,7,1543.83,410.40,6,1,7738.22,2563.91,14021.40,11457.49,5,"2023-02-10 16:50:10","2023-12-25 18:16:39",14021.40,5374.54,-8646.86,19.95,3.76,-1133.43,36-50
AC00293,57,Engineer,4,311.78,0.00,4,0,4518.22,2569.56,6642.33,4072.77,3,"2023-03-13 16:05:46","2023-12-13 17:25:54",2569.56,3753.24,1183.68,6.90,99.99,-311.78,51-65
AC00294,80,Retired,4,944.11,321.82,3,1,5869.89,1918.36,8459.26,6540.90,3,"2023-01-30 17:47:41","2023-09-19 17:23:14",6601.44,1918.36,-4683.08,16.08,2.93,-622.29,"Above 65"
AC00295,28,Student,6,739.21,760.20,4,2,6326.12,333.19,12626.49,12293.30,5,"2023-05-15 17:02:15","2023-11-29 18:03:46",7835.40,333.19,-7502.21,11.69,0.97,20.99,25-35
AC00296,21,Student,4,1181.78,374.61,3,1,1070.67,265.51,1503.56,1238.05,4,"2023-07-12 16:14:08","2023-12-08 16:45:12",1123.89,1503.56,379.67,110.38,3.15,-807.17,"Under 25"
AC00297,64,Retired,10,1749.72,984.01,8,2,5831.12,479.08,12690.79,12211.71,5,"2023-01-12 17:12:22","2023-08-21 18:36:41",7620.60,9088.36,1467.76,30.01,1.78,-765.71,51-65
AC00298,27,Student,7,565.99,354.38,4,3,3864.90,903.05,11079.77,10176.72,6,"2023-02-17 16:37:06","2023-11-24 17:35:47",1696.15,3807.84,2111.69,14.64,1.60,-211.61,25-35
AC00299,54,Doctor,4,265.43,217.50,3,1,7235.76,3057.40,10788.89,7731.49,4,"2023-02-27 17:59:36","2023-10-23 18:54:48",8981.10,3057.40,-5923.70,3.67,1.22,-47.93,51-65
AC00300,70,Doctor,5,761.87,94.64,4,1,5231.22,586.76,11388.15,10801.39,4,"2023-04-27 17:30:16","2023-11-24 17:29:06",10008.33,1546.22,-8462.11,14.56,8.05,-667.23,"Above 65"
AC00301,73,Retired,6,1513.23,868.37,4,2,3055.98,269.01,6697.77,6428.76,5,"2023-01-09 16:21:35","2023-12-19 17:11:31",1702.65,6697.77,4995.12,49.52,1.74,-644.86,"Above 65"
AC00302,55,Engineer,4,1906.67,0.00,4,0,7329.41,4732.81,9826.26,5093.45,3,"2023-05-10 17:05:08","2023-12-07 17:13:16",9826.26,9297.50,-528.76,26.01,99.99,-1906.67,51-65
AC00303,19,Student,6,2007.55,981.90,5,1,5414.30,596.16,9963.39,9367.23,4,"2023-08-08 17:15:50","2023-11-28 16:17:46",9963.39,9018.33,-945.06,37.08,2.04,-1025.65,"Under 25"
AC00304,77,Retired,11,3262.52,389.28,9,2,6378.04,1105.89,13586.99,12481.10,8,"2023-01-02 16:07:17","2023-12-20 17:13:50",4351.83,13586.99,9235.16,51.15,8.38,-2873.24,"Above 65"
AC00305,57,Retired,6,875.97,506.90,5,1,7643.98,3908.65,14829.85,10921.20,5,"2023-02-06 18:18:26","2023-11-01 17:44:46",3908.65,11471.87,7563.22,11.46,1.73,-369.07,51-65
AC00306,35,Engineer,6,1116.32,202.86,5,1,4522.18,312.19,8843.44,8531.25,6,"2023-02-03 17:00:39","2023-12-08 17:24:44",8843.44,312.19,-8531.25,24.69,5.50,-913.46,25-35
AC00307,54,Engineer,3,219.63,394.15,1,2,3353.77,233.21,8013.63,7780.42,2,"2023-05-26 18:12:50","2023-11-10 16:06:27",233.21,8013.63,7780.42,6.55,0.56,174.52,51-65
AC00308,36,Engineer,2,484.46,0.00,2,0,6050.63,5619.91,6481.35,861.44,2,"2023-03-06 17:25:20","2023-11-08 17:53:52",6481.35,5619.91,-861.44,8.01,99.99,-484.46,36-50
AC00309,50,Doctor,1,0.00,52.04,0,1,8436.12,8436.12,8436.12,0.00,1,"2023-07-27 16:28:26","2023-07-27 16:28:26",8436.12,8436.12,0.00,0.00,0.00,52.04,36-50
AC00310,53,Engineer,7,2247.54,832.30,6,1,3099.95,221.56,6617.52,6395.96,6,"2023-01-17 16:53:08","2023-10-30 17:17:51",4702.86,221.56,-4481.30,72.50,2.70,-1415.24,51-65
AC00311,18,Student,6,1747.69,0.00,6,0,3588.74,145.50,6474.34,6328.84,6,"2023-02-21 17:42:42","2023-10-12 18:11:27",1479.67,5449.37,3969.70,48.70,99.99,-1747.69,"Under 25"
AC00312,24,Student,4,1958.92,0.00,4,0,2322.50,530.81,5757.67,5226.86,3,"2023-01-17 16:47:41","2023-08-14 16:09:21",530.81,941.49,410.68,84.35,99.99,-1958.92,"Under 25"
AC00313,27,Student,3,716.19,27.51,2,1,5137.25,414.43,13645.63,13231.20,2,"2023-09-20 16:55:42","2023-10-12 16:57:36",1351.69,414.43,-937.26,13.94,26.03,-688.68,25-35
AC00314,69,Doctor,4,877.95,65.09,3,1,6035.61,2513.56,9370.90,6857.34,3,"2023-01-05 18:29:09","2023-12-19 16:55:17",6020.29,2513.56,-3506.73,14.55,13.49,-812.86,"Above 65"
AC00315,44,Engineer,5,1008.06,0.00,5,0,5088.78,130.76,9588.71,9457.95,4,"2023-02-06 17:32:11","2023-09-20 16:30:06",9138.76,9588.71,449.95,19.81,99.99,-1008.06,36-50
AC00316,28,Student,6,2083.84,1353.72,3,3,6999.88,321.21,13446.81,13125.60,4,"2023-01-02 16:01:14","2023-11-30 16:51:46",321.21,522.08,200.87,29.77,1.54,-730.12,25-35
AC00317,22,Student,7,1612.03,1420.52,5,2,5200.82,521.88,10980.38,10458.50,7,"2023-01-02 16:30:09","2023-10-30 16:52:49",1443.02,1131.26,-311.76,31.00,1.13,-191.51,"Under 25"
AC00318,30,Doctor,5,1806.97,207.71,4,1,5194.21,570.10,13510.11,12940.01,4,"2023-03-14 16:25:04","2023-12-11 17:19:07",5326.68,5579.11,252.43,34.79,8.70,-1599.26,25-35
AC00319,56,Retired,5,1125.68,542.75,4,1,4170.72,1338.95,7281.46,5942.51,5,"2023-04-25 16:11:24","2023-12-07 18:28:50",3014.75,2224.08,-790.67,26.99,2.07,-582.93,51-65
AC00320,63,Retired,5,1678.26,0.00,5,0,3435.14,522.39,9038.63,8516.24,5,"2023-01-12 16:44:29","2023-07-11 16:39:53",1123.75,5541.57,4417.82,48.86,99.99,-1678.26,51-65
AC00321,59,Engineer,2,399.21,59.51,1,1,6583.14,3210.39,9955.88,6745.49,2,"2023-01-30 16:15:49","2023-04-04 16:12:25",3210.39,9955.88,6745.49,6.06,6.71,-339.70,51-65
AC00322,65,Doctor,9,3066.67,0.00,9,0,4892.47,254.75,13264.14,13009.39,6,"2023-03-10 17:38:58","2023-12-15 16:38:43",9013.10,13264.14,4251.04,62.68,99.99,-3066.67,51-65
AC00323,54,Engineer,4,1236.12,43.88,3,1,6179.95,1644.09,8802.97,7158.88,4,"2023-06-05 16:11:07","2023-12-18 16:33:01",6781.30,8802.97,2021.67,20.00,28.17,-1192.24,51-65
AC00324,28,Student,5,623.20,410.49,4,1,3700.90,187.90,8670.23,8482.33,4,"2023-02-09 16:28:58","2023-09-13 16:14:04",1512.16,6290.62,4778.46,16.84,1.52,-212.71,25-35
AC00325,22,Student,5,1056.88,601.40,4,1,5205.52,1824.19,8458.29,6634.10,4,"2023-02-13 16:48:50","2023-12-04 16:08:59",1824.19,6911.20,5087.01,20.30,1.76,-455.48,"Under 25"
AC00326,18,Student,5,787.12,403.92,3,2,3002.60,678.83,7697.68,7018.85,5,"2023-05-19 16:31:11","2023-12-14 18:52:54",678.83,7697.68,7018.85,26.21,1.95,-383.20,"Under 25"
AC00327,21,Student,6,1531.83,1225.50,5,1,2363.82,320.25,8611.17,8290.92,6,"2023-02-27 16:07:38","2023-12-18 17:10:48",320.25,447.06,126.81,64.80,1.25,-306.33,"Under 25"
AC00328,60,Doctor,5,753.73,0.00,5,0,5880.89,2304.56,8647.04,6342.48,4,"2023-01-06 17:23:59","2023-09-01 16:07:38",7627.04,8647.04,1020.00,12.82,99.99,-753.73,51-65
AC00329,25,Student,9,1114.05,870.57,6,3,4076.46,193.06,12327.74,12134.68,6,"2023-02-13 17:49:27","2023-11-27 18:28:57",1357.22,193.06,-1164.16,27.33,1.28,-243.48,25-35
AC00330,58,Retired,4,429.39,437.28,2,2,4218.52,490.57,12961.53,12470.96,3,"2023-01-31 16:51:55","2023-06-08 17:08:06",1876.35,1545.64,-330.71,10.18,0.98,7.89,51-65
AC00331,19,Student,7,2208.98,122.33,5,2,3443.25,563.46,11822.53,11259.07,5,"2023-02-10 16:28:47","2023-10-31 16:05:00",1307.86,1569.75,261.89,64.15,18.06,-2086.65,"Under 25"
AC00332,69,Retired,8,1422.11,937.50,6,2,5286.80,1309.95,9873.62,8563.67,7,"2023-01-16 16:31:48","2023-12-18 16:32:56",3564.80,6133.22,2568.42,26.90,1.52,-484.61,"Above 65"
AC00333,57,Engineer,3,536.54,0.00,3,0,7932.00,5684.09,10113.66,4429.57,3,"2023-06-30 16:31:46","2023-10-19 18:06:08",7998.25,5684.09,-2314.16,6.76,99.99,-536.54,51-65
AC00334,40,Engineer,3,849.01,0.00,3,0,4797.21,1214.93,7372.81,6157.88,3,"2023-01-09 17:12:40","2023-12-26 18:13:56",7372.81,1214.93,-6157.88,17.70,99.99,-849.01,36-50
AC00335,49,Doctor,2,0.00,343.19,0,2,6542.46,5365.20,7719.71,2354.51,2,"2023-02-27 17:06:57","2023-03-20 16:02:51",7719.71,5365.20,-2354.51,0.00,0.00,343.19,36-50
AC00336,40,Engineer,4,498.12,1628.35,2,2,2706.51,480.16,6990.64,6510.48,4,"2023-02-10 16:52:48","2023-09-25 16:58:25",480.16,1969.48,1489.32,18.40,0.31,1130.23,36-50
AC00337,60,Engineer,8,3851.89,541.52,7,1,4463.38,261.97,7996.70,7734.73,4,"2023-04-06 16:59:33","2023-10-30 18:58:42",4954.37,261.97,-4692.40,86.30,7.11,-3310.37,51-65
AC00338,57,Retired,7,2648.72,256.66,6,1,3110.28,960.96,9045.19,8084.23,5,"2023-02-13 17:13:49","2023-11-27 16:57:08",2150.38,1292.21,-858.17,85.16,10.32,-2392.06,51-65
AC00339,24,Student,9,2168.94,339.74,7,2,5782.37,1242.62,12344.90,11102.28,6,"2023-01-17 16:57:06","2023-11-20 18:53:47",1242.62,6312.79,5070.17,37.51,6.38,-1829.20,"Under 25"
AC00340,29,Doctor,3,769.73,0.00,3,0,10344.41,5558.36,13648.36,8090.00,2,"2023-06-21 16:38:54","2023-11-27 16:38:34",11826.52,5558.36,-6268.16,7.44,99.99,-769.73,25-35
AC00341,36,Engineer,5,504.45,0.00,5,0,6483.11,1549.27,10658.88,9109.61,4,"2023-01-30 17:22:39","2023-11-30 16:07:36",8700.80,1549.27,-7151.53,7.78,99.99,-504.45,36-50
AC00342,29,Engineer,3,629.39,0.00,3,0,3593.28,844.55,6353.14,5508.59,3,"2023-03-27 16:48:34","2023-07-13 16:44:25",6353.14,3582.16,-2770.98,17.52,99.99,-629.39,25-35
AC00344,33,Doctor,4,2291.68,0.00,4,0,5391.36,1493.88,7858.41,6364.53,3,"2023-03-27 17:07:20","2023-11-15 17:32:11",5225.73,7858.41,2632.68,42.51,99.99,-2291.68,25-35
AC00345,51,Doctor,9,2827.25,0.00,9,0,6014.27,1352.19,14942.78,13590.59,7,"2023-01-23 16:50:31","2023-12-18 18:25:05",14942.78,1913.06,-13029.72,47.01,99.99,-2827.25,51-65
AC00346,25,Student,1,180.46,0.00,1,0,831.75,831.75,831.75,0.00,1,"2023-03-13 16:26:30","2023-03-13 16:26:30",831.75,831.75,0.00,21.70,99.99,-180.46,25-35
AC00347,67,Doctor,3,784.52,0.00,3,0,2581.20,796.63,5946.61,5149.98,3,"2023-10-16 16:44:52","2023-12-25 16:25:42",5946.61,796.63,-5149.98,30.39,99.99,-784.52,"Above 65"
AC00348,27,Student,4,586.33,858.63,3,1,3637.80,1484.31,9165.02,7680.71,4,"2023-04-18 17:27:23","2023-11-02 16:15:50",1872.96,9165.02,7292.06,16.12,0.68,272.30,25-35
AC00349,43,Doctor,6,782.60,255.49,4,2,7319.05,1337.50,13913.92,12576.42,5,"2023-02-01 18:47:20","2023-11-15 17:23:40",1337.50,10536.54,9199.04,10.69,3.06,-527.11,36-50
AC00350,33,Engineer,2,1496.57,319.27,1,1,3236.54,969.06,5504.01,4534.95,2,"2023-02-27 16:18:28","2023-07-20 16:58:05",969.06,5504.01,4534.95,46.24,4.69,-1177.30,25-35
AC00351,56,Retired,2,295.41,0.00,2,0,1794.36,1562.39,2026.32,463.93,2,"2023-01-18 16:59:48","2023-02-15 16:17:59",1562.39,2026.32,463.93,16.46,99.99,-295.41,51-65
AC00352,28,Student,4,429.96,349.34,3,1,3500.57,614.14,10915.54,10301.40,4,"2023-01-09 16:53:25","2023-10-13 16:22:08",614.14,10915.54,10301.40,12.28,1.23,-80.62,25-35
AC00353,54,Engineer,5,256.75,127.00,4,1,4495.17,431.16,8356.08,7924.92,3,"2023-04-03 16:55:21","2023-09-21 18:13:38",8356.08,6275.00,-2081.08,5.71,2.02,-129.75,51-65
AC00354,78,Retired,5,925.30,1162.42,4,1,5952.31,1488.65,10357.26,8868.61,3,"2023-01-09 17:15:18","2023-08-23 16:35:42",2421.94,10357.26,7935.32,15.55,0.80,237.12,"Above 65"
AC00355,54,Engineer,3,640.42,275.59,2,1,3516.05,1238.43,6313.22,5074.79,3,"2023-01-25 17:46:40","2023-10-10 16:49:03",2996.51,6313.22,3316.71,18.21,2.32,-364.83,51-65
AC00356,30,Engineer,8,2583.27,0.00,8,0,5589.56,267.53,9903.48,9635.95,6,"2023-01-17 16:41:18","2023-09-07 17:44:26",9700.77,5008.59,-4692.18,46.22,99.99,-2583.27,25-35
AC00357,42,Engineer,6,1785.88,54.47,5,1,4306.79,102.20,8865.27,8763.07,5,"2023-01-24 16:00:14","2023-11-13 17:47:07",5528.36,1131.42,-4396.94,41.47,32.79,-1731.41,36-50
AC00358,21,Student,8,3270.52,329.91,6,2,5731.02,1380.34,11174.94,9794.60,5,"2023-01-05 16:40:09","2023-11-17 16:02:02",5335.44,11174.94,5839.50,57.07,9.91,-2940.61,"Under 25"
AC00359,22,Student,6,1940.20,139.03,5,1,3581.43,399.00,11796.66,11397.66,5,"2023-03-13 17:23:24","2023-12-14 18:32:14",399.00,5109.97,4710.97,54.17,13.96,-1801.17,"Under 25"
AC00360,50,Engineer,6,1167.09,767.14,5,1,5327.71,2403.39,9567.94,7164.55,5,"2023-03-13 16:41:12","2023-08-29 16:24:23",2403.39,4732.57,2329.18,21.91,1.52,-399.95,36-50
AC00361,22,Student,2,126.60,114.35,1,1,715.39,469.12,961.65,492.53,2,"2023-05-26 16:00:45","2023-11-27 16:16:19",961.65,469.12,-492.53,17.70,1.11,-12.25,"Under 25"
AC00362,51,Engineer,12,1732.19,1259.13,8,4,5397.56,841.65,12958.65,12117.00,7,"2023-01-16 16:55:13","2023-12-08 16:51:28",4480.43,8375.16,3894.73,32.09,1.38,-473.06,51-65
AC00363,75,Retired,12,3829.94,872.97,8,4,5502.64,991.69,12648.32,11656.63,9,"2023-01-31 17:14:32","2023-12-20 16:17:11",7258.33,3656.93,-3601.40,69.60,4.39,-2956.97,"Above 65"
AC00364,71,Retired,1,143.54,0.00,1,0,6067.62,6067.62,6067.62,0.00,1,"2023-10-16 16:06:05","2023-10-16 16:06:05",6067.62,6067.62,0.00,2.37,99.99,-143.54,"Above 65"
AC00365,45,Engineer,5,734.61,255.26,4,1,6982.93,1305.76,14815.87,13510.11,4,"2023-02-20 18:03:01","2023-10-27 16:42:49",9733.59,14815.87,5082.28,10.52,2.88,-479.35,36-50
AC00366,28,Engineer,8,2477.46,566.33,7,1,5189.07,379.82,9808.97,9429.15,4,"2023-05-05 17:34:22","2023-08-31 16:16:15",9808.97,9257.04,-551.93,47.74,4.37,-1911.13,25-35
AC00367,22,Student,7,1025.79,609.51,4,3,5213.39,873.89,8704.27,7830.38,7,"2023-03-06 16:29:57","2023-10-11 18:04:39",873.89,8697.11,7823.22,19.68,1.68,-416.28,"Under 25"
AC00368,27,Student,4,1144.00,0.00,4,0,6403.39,761.00,13696.31,12935.31,4,"2023-01-06 17:35:08","2023-07-18 16:38:11",761.00,5692.31,4931.31,17.87,99.99,-1144.00,25-35
AC00369,22,Student,6,1316.19,963.85,4,2,2938.84,964.79,6269.12,5304.33,5,"2023-02-22 16:17:29","2023-12-07 17:33:16",1404.06,6269.12,4865.06,44.79,1.37,-352.34,"Under 25"
AC00370,46,Engineer,7,1040.38,1370.49,4,3,5771.12,1370.03,10442.48,9072.45,5,"2023-02-06 17:46:59","2024-01-01 18:21:50",6371.51,5298.85,-1072.66,18.03,0.76,330.11,36-50
AC00371,46,Doctor,2,328.65,0.00,2,0,6745.42,6485.78,7005.05,519.27,1,"2023-02-10 17:06:40","2023-02-17 16:08:54",7005.05,6485.78,-519.27,4.87,99.99,-328.65,36-50
AC00372,61,Retired,3,836.45,1205.38,1,2,10161.17,1731.89,14881.77,13149.88,3,"2023-02-27 16:02:00","2023-10-16 16:30:38",1731.89,13869.86,12137.97,8.23,0.69,368.93,51-65
AC00373,67,Retired,9,1426.64,574.55,6,3,6042.55,341.24,13784.40,13443.16,7,"2023-01-02 16:47:11","2023-12-21 16:37:03",5473.82,1375.80,-4098.02,23.61,2.48,-852.09,"Above 65"
AC00374,18,Student,6,1198.77,138.68,5,1,1561.58,206.20,3213.16,3006.96,5,"2023-03-13 18:45:47","2023-12-15 17:01:58",730.60,1879.82,1149.22,76.77,8.64,-1060.09,"Under 25"
AC00375,42,Engineer,3,473.00,506.26,2,1,8947.15,6266.65,13777.10,7510.45,3,"2023-06-09 16:10:51","2023-12-18 18:26:07",6797.71,6266.65,-531.06,5.29,0.93,33.26,36-50
AC00376,25,Student,3,625.43,0.00,3,0,5243.91,677.79,9626.14,8948.35,3,"2023-02-23 17:30:07","2023-05-02 16:14:22",677.79,5427.81,4750.02,11.93,99.99,-625.43,25-35
AC00377,39,Engineer,4,1188.67,0.00,4,0,3897.25,1052.31,7847.62,6795.31,3,"2023-01-27 17:38:07","2023-06-22 16:38:46",5265.88,1423.20,-3842.68,30.50,99.99,-1188.67,36-50
AC00378,71,Retired,6,1849.28,128.63,4,2,3079.17,602.36,7009.54,6407.18,4,"2023-08-07 16:16:26","2023-11-16 17:26:37",4405.28,4750.96,345.68,60.06,14.38,-1720.65,"Above 65"
AC00379,26,Student,2,8.95,732.53,1,1,1870.69,441.54,3299.84,2858.30,2,"2023-05-22 16:54:00","2023-10-04 16:01:18",441.54,3299.84,2858.30,0.48,0.01,723.58,25-35
AC00380,64,Retired,6,184.96,991.71,3,3,4189.55,817.83,10098.86,9281.03,6,"2023-01-30 16:00:38","2023-12-25 16:56:06",4943.16,1619.54,-3323.62,4.41,0.19,806.75,51-65
AC00381,64,Retired,3,890.70,0.00,3,0,4714.42,2000.60,9968.49,7967.89,3,"2023-06-19 16:21:58","2023-10-02 16:03:09",2174.16,2000.60,-173.56,18.89,99.99,-890.70,51-65
AC00382,64,Doctor,6,1874.46,452.73,4,2,3778.42,797.10,7525.73,6728.63,5,"2023-01-24 17:26:34","2023-09-04 16:48:13",1729.26,797.10,-932.16,49.61,4.14,-1421.73,51-65
AC00383,53,Retired,4,555.02,0.00,4,0,2026.93,731.52,4203.05,3471.53,3,"2023-04-05 16:21:59","2023-11-24 18:51:32",4203.05,1475.46,-2727.59,27.38,99.99,-555.02,51-65
AC00384,56,Doctor,7,1383.21,1179.02,5,2,4298.83,120.89,11305.81,11184.92,5,"2023-02-13 17:04:50","2023-12-04 18:11:56",120.89,1769.06,1648.17,32.18,1.17,-204.19,51-65
AC00385,55,Doctor,7,3675.98,465.22,5,2,2371.36,263.98,7465.95,7201.97,7,"2023-03-31 16:06:57","2023-12-11 16:23:59",1021.88,1171.98,150.10,155.02,7.90,-3210.76,51-65
AC00386,62,Retired,8,1743.57,0.00,8,0,3628.62,620.83,7794.84,7174.01,7,"2023-02-09 17:53:59","2023-12-12 17:20:46",2299.64,5897.29,3597.65,48.05,99.99,-1743.57,51-65
AC00387,67,Doctor,3,353.31,362.04,2,1,8244.94,7375.59,8937.35,1561.76,3,"2023-03-03 16:00:01","2023-09-28 18:53:02",8937.35,7375.59,-1561.76,4.29,0.98,8.73,"Above 65"
AC00388,18,Student,2,1279.61,0.00,2,0,1244.13,546.46,1941.80,1395.34,2,"2023-05-24 16:12:18","2023-09-04 17:22:24",546.46,1941.80,1395.34,102.85,99.99,-1279.61,"Under 25"
AC00389,65,Retired,3,557.26,379.10,1,2,4131.94,2611.64,5237.12,2625.48,3,"2023-05-22 17:58:55","2023-10-04 17:06:57",2611.64,5237.12,2625.48,13.49,1.47,-178.16,51-65
AC00390,44,Doctor,7,483.83,643.74,4,3,4912.30,535.15,9538.92,9003.77,6,"2023-01-24 16:18:32","2023-11-06 16:42:34",1772.06,535.15,-1236.91,9.85,0.75,159.91,36-50
AC00391,76,Retired,3,459.95,7.86,2,1,4006.45,2523.83,5873.54,3349.71,2,"2023-10-16 16:47:15","2023-11-09 16:47:01",3621.98,2523.83,-1098.15,11.48,58.52,-452.09,"Above 65"
AC00392,24,Student,3,369.82,494.52,2,1,2030.69,1620.02,2810.37,1190.35,3,"2023-06-07 17:21:28","2023-10-16 16:11:52",1620.02,2810.37,1190.35,18.21,0.75,124.70,"Under 25"
AC00393,78,Retired,8,1021.02,652.63,5,3,2569.14,173.70,6430.41,6256.71,7,"2023-02-03 16:08:47","2023-10-31 16:46:18",5002.70,1081.97,-3920.73,39.74,1.56,-368.39,"Above 65"
AC00394,53,Retired,7,1128.09,552.68,5,2,2488.42,791.46,6217.58,5426.12,6,"2023-01-17 16:03:41","2023-11-23 17:42:11",1540.87,4159.33,2618.46,45.33,2.04,-575.41,51-65
AC00395,24,Student,3,391.66,560.59,1,2,1523.45,977.01,2406.31,1429.30,3,"2023-05-30 16:15:10","2023-11-13 16:42:28",1187.04,977.01,-210.03,25.71,0.70,168.93,"Under 25"
AC00396,22,Student,8,2940.49,346.21,6,2,5083.67,664.93,13948.09,13283.16,5,"2023-01-10 16:41:42","2023-11-02 16:05:49",664.93,1670.72,1005.79,57.84,8.49,-2594.28,"Under 25"
AC00397,20,Student,7,1740.90,113.02,6,1,4550.38,420.65,10619.35,10198.70,6,"2023-01-20 16:23:48","2023-09-25 16:54:22",1691.88,6077.96,4386.08,38.26,15.40,-1627.88,"Under 25"
AC00398,68,Doctor,7,2860.18,0.00,7,0,4951.16,167.72,11705.88,11538.16,6,"2023-05-09 16:40:52","2023-11-27 18:26:02",11705.88,3984.38,-7721.50,57.77,99.99,-2860.18,"Above 65"
AC00399,25,Student,5,1124.20,81.53,3,2,5699.27,835.53,10235.19,9399.66,5,"2023-01-04 17:00:58","2023-10-24 17:28:18",835.53,10235.19,9399.66,19.73,13.79,-1042.67,25-35
AC00400,23,Student,5,388.60,425.96,3,2,4708.20,1278.00,7315.34,6037.34,4,"2023-02-24 17:00:26","2023-12-13 16:41:13",1278.00,1400.04,122.04,8.25,0.91,37.36,"Under 25"
AC00401,79,Retired,6,1437.77,223.76,5,1,7084.89,4102.23,13498.55,9396.32,4,"2023-05-10 17:41:59","2023-11-13 16:30:21",4656.94,7458.63,2801.69,20.29,6.43,-1214.01,"Above 65"
AC00402,31,Doctor,4,984.23,330.61,3,1,5179.31,2525.25,8361.70,5836.45,3,"2023-07-05 17:49:26","2023-10-26 16:52:14",7198.80,2631.47,-4567.33,19.00,2.98,-653.62,25-35
AC00403,69,Retired,8,585.30,395.27,7,1,5085.89,1764.08,10668.24,8904.16,8,"2023-03-20 17:17:27","2023-12-25 16:30:45",2610.64,10668.24,8057.60,11.51,1.48,-190.03,"Above 65"
AC00404,68,Doctor,4,349.65,0.00,4,0,5045.04,900.61,10278.75,9378.14,3,"2023-04-03 16:25:35","2023-11-21 16:58:44",10278.75,900.61,-9378.14,6.93,99.99,-349.65,"Above 65"
AC00405,70,Retired,6,2203.37,362.68,5,1,5206.64,1019.39,9801.48,8782.09,4,"2023-01-11 18:07:25","2023-11-22 16:07:19",1983.65,6810.05,4826.40,42.32,6.08,-1840.69,"Above 65"
AC00406,38,Engineer,1,183.71,0.00,1,0,552.52,552.52,552.52,0.00,1,"2023-06-19 18:22:10","2023-06-19 18:22:10",552.52,552.52,0.00,33.25,99.99,-183.71,36-50
AC00407,23,Student,7,2718.10,0.00,7,0,4593.85,168.84,8602.22,8433.38,5,"2023-01-02 16:51:47","2023-12-29 16:38:21",4475.22,8602.22,4127.00,59.17,99.99,-2718.10,"Under 25"
AC00408,60,Retired,2,556.38,0.00,2,0,3399.93,2649.23,4150.63,1501.40,2,"2023-04-17 16:12:22","2023-06-15 16:41:00",4150.63,2649.23,-1501.40,16.36,99.99,-556.38,51-65
AC00409,72,Retired,5,1238.68,76.02,4,1,7095.98,2610.67,14765.41,12154.74,5,"2023-04-25 18:47:16","2023-12-28 16:34:52",2940.04,2610.67,-329.37,17.46,16.29,-1162.66,"Above 65"
AC00410,24,Student,5,1407.82,170.19,4,1,4947.50,642.00,13801.15,13159.15,4,"2023-02-21 16:52:16","2023-11-23 18:00:00",642.00,6280.66,5638.66,28.46,8.27,-1237.63,"Under 25"
AC00411,80,Retired,6,1671.33,13.45,5,1,6963.80,1765.45,12221.17,10455.72,4,"2023-05-11 16:36:38","2023-12-28 16:27:12",6003.59,12221.17,6217.58,24.00,124.26,-1657.88,"Above 65"
AC00412,34,Doctor,4,1073.74,69.80,3,1,5227.57,136.77,11505.35,11368.58,4,"2023-03-13 16:59:33","2023-10-30 17:48:09",11505.35,8994.39,-2510.96,20.54,15.38,-1003.94,25-35
AC00413,21,Student,4,1441.11,0.00,4,0,5580.67,368.78,13293.83,12925.05,4,"2023-01-27 16:35:40","2023-12-29 17:37:37",368.78,5670.82,5302.04,25.82,99.99,-1441.11,"Under 25"
AC00414,26,Student,3,456.72,485.51,2,1,2148.74,1593.03,3074.45,1481.42,2,"2023-04-17 16:10:19","2023-11-29 17:55:07",1778.75,1593.03,-185.72,21.26,0.94,28.79,25-35
AC00415,69,Doctor,3,108.17,0.00,3,0,8524.63,4792.01,12072.11,7280.10,3,"2023-01-11 16:09:36","2023-11-06 17:22:58",12072.11,8709.77,-3362.34,1.27,99.99,-108.17,"Above 65"
AC00416,26,Engineer,5,2258.70,285.18,4,1,6481.46,2712.96,14847.97,12135.01,4,"2023-01-02 16:22:54","2023-10-31 16:11:57",5587.44,2712.96,-2874.48,34.85,7.92,-1973.52,25-35
AC00417,63,Doctor,5,720.53,51.15,4,1,5679.46,3290.72,8992.25,5701.53,4,"2023-01-06 17:01:53","2023-10-18 17:47:52",7945.57,3876.61,-4068.96,12.69,14.09,-669.38,51-65
AC00418,76,Retired,6,1437.67,280.35,3,3,4995.45,1034.35,13872.03,12837.68,4,"2023-06-19 17:31:08","2023-10-16 18:53:31",4708.29,4815.11,106.82,28.78,5.13,-1157.32,"Above 65"
AC00419,29,Engineer,3,556.33,285.49,2,1,6613.10,4477.78,8994.67,4516.89,2,"2023-03-01 16:56:01","2023-08-11 18:42:10",8994.67,6366.84,-2627.83,8.41,1.95,-270.84,25-35
AC00420,25,Student,4,1084.02,707.56,2,2,3821.85,1040.43,9427.06,8386.63,4,"2023-05-08 16:24:00","2023-12-25 16:28:20",1040.43,2158.59,1118.16,28.36,1.53,-376.46,25-35
AC00421,20,Student,3,328.47,335.65,1,2,2268.20,1152.20,4323.66,3171.46,2,"2023-07-27 16:22:52","2023-11-20 16:29:28",1152.20,1328.73,176.53,14.48,0.98,7.18,"Under 25"
AC00422,22,Student,4,492.71,80.24,3,1,5097.97,327.68,8012.81,7685.13,4,"2023-02-20 16:20:28","2023-07-10 18:34:22",327.68,6173.23,5845.55,9.66,6.14,-412.47,"Under 25"
AC00423,75,Retired,6,3038.14,0.00,6,0,5645.85,314.28,12352.20,12037.92,5,"2023-02-06 16:05:08","2023-11-27 18:32:49",2760.37,447.82,-2312.55,53.81,99.99,-3038.14,"Above 65"
AC00424,46,Engineer,5,949.80,262.22,4,1,6675.39,3548.02,9642.12,6094.10,3,"2023-02-24 16:57:24","2023-07-13 17:48:24",8356.88,5711.71,-2645.17,14.23,3.62,-687.58,36-50
AC00425,29,Engineer,7,2487.14,0.00,7,0,3145.41,1143.52,6651.62,5508.10,6,"2023-03-02 16:05:09","2023-11-07 16:48:23",1143.52,6651.62,5508.10,79.07,99.99,-2487.14,25-35
AC00426,24,Student,6,1494.16,0.00,6,0,2463.48,912.71,7264.79,6352.08,5,"2023-02-02 16:55:25","2023-10-23 17:25:04",1590.88,983.68,-607.20,60.65,99.99,-1494.16,"Under 25"
AC00427,22,Student,9,2279.49,118.06,8,1,3967.52,370.81,13560.63,13189.82,5,"2023-01-09 17:22:18","2023-11-29 18:10:30",3363.23,370.81,-2992.42,57.45,19.31,-2161.43,"Under 25"
AC00428,23,Student,3,1727.94,0.00,3,0,3608.56,791.97,8640.56,7848.59,3,"2023-01-19 17:08:04","2023-11-08 18:24:56",791.97,8640.56,7848.59,47.88,99.99,-1727.94,"Under 25"
AC00429,43,Engineer,3,279.33,0.00,3,0,10324.61,7574.45,14783.33,7208.88,3,"2023-04-03 18:41:57","2023-10-23 16:03:09",7574.45,8616.05,1041.60,2.71,99.99,-279.33,36-50
AC00430,18,Student,7,1285.15,187.86,5,2,5810.46,511.37,14804.70,14293.33,6,"2023-02-13 17:18:15","2023-12-25 16:58:19",511.37,751.09,239.72,22.12,6.84,-1097.29,"Under 25"
AC00431,51,Doctor,7,899.43,1851.02,4,3,6754.11,420.25,14639.28,14219.03,5,"2023-01-09 16:36:16","2023-06-28 16:05:19",12540.18,14466.38,1926.20,13.32,0.49,951.59,51-65
AC00432,75,Retired,7,478.42,1195.54,4,3,2751.13,296.47,9697.75,9401.28,7,"2023-01-18 17:21:27","2023-11-27 16:18:25",2052.84,296.47,-1756.37,17.39,0.40,717.12,"Above 65"
AC00433,40,Engineer,3,1697.30,0.00,3,0,4376.83,1830.98,9009.42,7178.44,3,"2023-01-16 17:26:12","2023-07-12 16:17:27",2290.10,9009.42,6719.32,38.78,99.99,-1697.30,36-50
AC00434,54,Retired,7,1799.10,0.00,7,0,5989.08,928.33,13988.12,13059.79,5,"2023-02-10 16:01:04","2023-11-21 17:05:17",5077.06,8926.38,3849.32,30.04,99.99,-1799.10,51-65
AC00435,22,Student,2,429.59,0.00,2,0,4749.30,1839.10,7659.50,5820.40,2,"2023-01-16 18:03:02","2023-08-07 17:29:48",1839.10,7659.50,5820.40,9.05,99.99,-429.59,"Under 25"
AC00436,52,Retired,5,726.25,308.62,4,1,8505.57,5209.16,13182.11,7972.95,4,"2023-08-28 16:41:57","2023-12-25 16:30:09",5400.44,9588.07,4187.63,8.54,2.35,-417.63,51-65
AC00437,79,Retired,4,922.17,0.00,4,0,3032.89,791.65,5631.20,4839.55,4,"2023-01-09 16:45:12","2023-12-05 16:19:23",5631.20,1719.97,-3911.23,30.41,99.99,-922.17,"Above 65"
AC00438,58,Doctor,8,1315.92,9.61,7,1,7599.81,202.69,13566.58,13363.89,5,"2023-06-22 18:37:29","2023-12-25 18:03:33",12883.91,8019.89,-4864.02,17.32,136.93,-1306.31,51-65
AC00439,25,Student,9,3647.64,538.17,8,1,5329.82,781.70,10513.52,9731.82,7,"2023-04-03 16:35:29","2023-11-20 17:11:02",1931.66,5018.67,3087.01,68.44,6.78,-3109.47,25-35
AC00440,59,Doctor,1,201.69,0.00,1,0,7328.52,7328.52,7328.52,0.00,1,"2023-01-03 16:46:36","2023-01-03 16:46:36",7328.52,7328.52,0.00,2.75,99.99,-201.69,51-65
AC00441,75,Retired,6,565.05,1342.64,3,3,2533.62,673.35,7833.85,7160.50,5,"2023-03-27 17:54:30","2023-12-04 16:25:27",3128.71,693.40,-2435.31,22.30,0.42,777.59,"Above 65"
AC00442,76,Retired,9,1625.51,53.81,8,1,4952.46,754.21,12904.66,12150.45,7,"2023-04-20 18:50:39","2023-12-11 16:47:05",4909.24,1242.49,-3666.75,32.82,30.21,-1571.70,"Above 65"
AC00443,36,Engineer,4,2286.03,299.09,3,1,8000.09,5615.26,11833.73,6218.47,4,"2023-01-16 16:14:45","2023-12-20 18:12:25",5615.26,11833.73,6218.47,28.58,7.64,-1986.94,36-50
AC00444,65,Retired,4,338.67,157.70,3,1,5696.06,290.59,10216.25,9925.66,3,"2023-03-09 17:37:08","2023-12-27 18:55:13",3944.82,10216.25,6271.43,5.95,2.15,-180.97,51-65
AC00445,19,Student,5,1157.27,630.23,2,3,2845.40,229.02,6451.96,6222.94,4,"2023-02-28 16:34:45","2023-12-08 16:47:48",229.02,1533.32,1304.30,40.67,1.84,-527.04,"Under 25"
AC00446,68,Retired,5,844.42,192.02,4,1,4029.40,1059.62,6911.62,5852.00,5,"2023-01-23 16:50:55","2023-12-19 16:11:38",5010.31,5169.07,158.76,20.96,4.40,-652.40,"Above 65"
AC00447,36,Doctor,4,633.10,0.00,4,0,4753.37,1677.01,6412.85,4735.84,4,"2023-03-27 17:02:44","2023-10-20 16:02:07",1677.01,6412.85,4735.84,13.32,99.99,-633.10,36-50
AC00448,54,Retired,7,279.12,898.74,3,4,5047.37,137.42,12723.62,12586.20,6,"2023-03-10 16:28:07","2023-11-28 16:45:08",3679.64,3641.06,-38.58,5.53,0.31,619.62,51-65
AC00449,52,Doctor,5,454.64,341.84,4,1,6022.85,580.66,13240.72,12660.06,4,"2023-03-06 16:25:52","2023-06-23 16:10:12",9662.88,1400.04,-8262.84,7.55,1.33,-112.80,51-65
AC00450,28,Student,3,920.89,0.00,3,0,5345.14,899.52,8359.50,7459.98,3,"2023-02-13 18:27:34","2023-10-09 18:20:39",899.52,8359.50,7459.98,17.23,99.99,-920.89,25-35
AC00451,27,Student,5,386.81,1149.57,3,2,4897.70,192.63,14611.90,14419.27,3,"2023-06-20 17:05:38","2023-10-09 17:48:55",192.63,14611.90,14419.27,7.90,0.34,762.76,25-35
AC00452,57,Doctor,7,593.23,778.49,6,1,7546.72,544.56,14348.65,13804.09,5,"2023-01-03 16:42:41","2023-10-25 17:37:30",13732.81,6683.31,-7049.50,7.86,0.76,185.26,51-65
AC00453,72,Retired,9,2260.30,110.40,8,1,5334.75,369.79,12896.06,12526.27,4,"2023-02-13 16:43:40","2023-09-21 16:52:18",4749.54,8639.36,3889.82,42.37,20.47,-2149.90,"Above 65"
AC00454,20,Student,4,378.31,1598.42,2,2,2173.08,220.51,6711.78,6491.27,4,"2023-06-14 17:07:08","2023-12-20 16:08:02",220.51,323.69,103.18,17.41,0.24,1220.11,"Under 25"
AC00455,21,Student,7,2132.36,0.00,7,0,5543.70,300.87,13758.91,13458.04,6,"2023-01-16 16:01:34","2023-11-28 18:04:26",706.44,8726.92,8020.48,38.46,99.99,-2132.36,"Under 25"
AC00456,20,Student,11,1308.21,1782.39,6,5,4777.49,207.74,13991.50,13783.76,9,"2023-01-02 16:00:06","2023-12-05 16:01:44",1382.80,6229.36,4846.56,27.38,0.73,474.18,"Under 25"
AC00457,26,Engineer,3,784.78,0.00,3,0,6303.89,2531.24,10501.53,7970.29,3,"2023-05-04 16:37:21","2023-09-05 17:02:23",2531.24,5878.89,3347.65,12.45,99.99,-784.78,25-35
AC00458,46,Engineer,7,1091.20,453.76,5,2,6175.63,330.16,14409.74,14079.58,4,"2023-01-02 17:49:44","2023-12-11 16:03:50",7854.10,14409.74,6555.64,17.67,2.40,-637.44,36-50
AC00459,21,Student,7,598.54,915.03,4,3,6053.54,1528.81,12709.58,11180.77,4,"2023-02-06 17:30:00","2023-12-26 17:40:23",1528.81,10887.59,9358.78,9.89,0.65,316.49,"Under 25"
AC00460,41,Doctor,12,3999.69,1570.65,8,4,4887.10,106.86,12571.76,12464.90,8,"2023-01-03 17:14:14","2024-01-01 16:45:56",12571.76,2207.54,-10364.22,81.84,2.55,-2429.04,36-50
AC00461,60,Engineer,3,385.92,117.28,2,1,3679.29,1532.72,5839.38,4306.66,3,"2023-02-09 16:34:53","2023-12-08 16:16:02",3665.77,5839.38,2173.61,10.49,3.29,-268.64,51-65
AC00462,24,Student,6,309.69,184.51,5,1,2237.12,416.89,9381.64,8964.75,6,"2023-02-20 16:47:23","2023-11-27 16:27:56",585.52,921.91,336.39,13.84,1.68,-125.18,"Under 25"
AC00463,53,Doctor,4,392.47,87.09,2,2,9311.22,5061.30,14798.10,9736.80,4,"2023-02-27 17:14:10","2023-12-06 16:10:00",9992.36,14798.10,4805.74,4.22,4.51,-305.38,51-65
AC00464,27,Engineer,8,2089.20,612.97,6,2,6215.84,1058.13,13899.24,12841.11,4,"2023-02-24 16:29:23","2023-12-29 18:29:23",9418.86,13899.24,4480.38,33.61,3.41,-1476.23,25-35
AC00465,30,Doctor,8,1273.08,229.57,6,2,7120.51,319.18,14304.38,13985.20,5,"2023-03-20 17:45:22","2023-10-18 18:17:05",7336.56,1185.43,-6151.13,17.88,5.55,-1043.51,25-35
AC00466,21,Student,4,1293.72,1342.25,3,1,5042.24,694.03,11146.74,10452.71,4,"2023-04-28 18:11:55","2023-11-06 16:35:59",694.03,11146.74,10452.71,25.66,0.96,48.53,"Under 25"
AC00467,55,Engineer,3,745.10,457.09,2,1,7243.65,1433.66,11726.47,10292.81,3,"2023-05-25 16:52:57","2023-12-18 16:25:18",8570.82,11726.47,3155.65,10.29,1.63,-288.01,51-65
AC00468,28,Engineer,4,426.41,19.11,3,1,7363.93,2797.26,12145.27,9348.01,4,"2023-01-11 16:56:58","2023-09-18 16:31:03",2797.26,8478.46,5681.20,5.79,22.31,-407.30,25-35
AC00469,41,Engineer,1,65.57,0.00,1,0,7513.79,7513.79,7513.79,0.00,1,"2023-04-06 17:24:16","2023-04-06 17:24:16",7513.79,7513.79,0.00,0.87,99.99,-65.57,36-50
AC00470,26,Engineer,4,961.04,744.04,2,2,5462.84,985.77,12991.03,12005.26,3,"2023-01-30 16:09:08","2023-05-26 17:32:29",6609.30,985.77,-5623.53,17.59,1.29,-217.00,25-35
AC00471,41,Engineer,6,1626.01,143.44,4,2,7503.03,369.86,14365.18,13995.32,5,"2023-01-04 17:00:17","2023-12-25 17:46:24",9551.64,14365.18,4813.54,21.67,11.34,-1482.57,36-50
AC00472,28,Student,1,588.37,0.00,1,0,1926.08,1926.08,1926.08,0.00,1,"2023-01-05 17:48:29","2023-01-05 17:48:29",1926.08,1926.08,0.00,30.55,99.99,-588.37,25-35
AC00473,40,Engineer,1,57.16,0.00,1,0,222.22,222.22,222.22,0.00,1,"2023-06-15 18:45:38","2023-06-15 18:45:38",222.22,222.22,0.00,25.72,99.99,-57.16,36-50
AC00474,45,Doctor,3,1126.97,0.00,3,0,7029.97,4466.10,9798.26,5332.16,2,"2023-03-13 17:26:41","2023-05-01 16:23:40",9798.26,4466.10,-5332.16,16.03,99.99,-1126.97,36-50
AC00475,75,Retired,8,779.10,188.13,7,1,2139.37,1061.69,5029.87,3968.18,5,"2023-06-02 18:12:29","2023-12-14 17:31:18",5029.87,1061.96,-3967.91,36.42,4.14,-590.97,"Above 65"
AC00476,59,Engineer,1,506.81,0.00,1,0,2757.23,2757.23,2757.23,0.00,1,"2023-12-20 16:17:24","2023-12-20 16:17:24",2757.23,2757.23,0.00,18.38,99.99,-506.81,51-65
AC00477,41,Doctor,3,1019.03,0.00,3,0,5769.36,1726.40,10922.78,9196.38,3,"2023-02-06 16:07:26","2023-12-01 16:01:26",10922.78,1726.40,-9196.38,17.66,99.99,-1019.03,36-50
AC00478,57,Retired,7,2127.84,918.46,5,2,5016.68,643.64,7914.88,7271.24,7,"2023-01-16 16:15:57","2023-11-09 17:26:27",6062.94,643.64,-5419.30,42.42,2.32,-1209.38,51-65
AC00479,19,Student,4,510.46,859.30,3,1,6767.74,1146.78,11500.62,10353.84,4,"2023-01-30 18:50:00","2023-09-13 18:49:55",5583.88,8839.67,3255.79,7.54,0.59,348.84,"Under 25"
AC00480,38,Doctor,11,3259.33,50.17,10,1,6048.87,1038.91,14214.48,13175.57,6,"2023-01-09 16:13:21","2023-09-18 16:57:44",14214.48,7752.14,-6462.34,53.88,64.97,-3209.16,36-50
AC00481,32,Doctor,4,602.65,5.29,3,1,8325.45,4444.95,12896.68,8451.73,3,"2023-03-13 18:24:20","2023-11-23 17:44:29",12896.68,10585.48,-2311.20,7.24,113.92,-597.36,25-35
AC00482,51,Engineer,6,1439.71,154.32,5,1,4463.38,1983.00,8345.26,6362.26,4,"2023-02-21 17:45:55","2024-01-01 16:53:32",5183.85,6972.50,1788.65,32.26,9.33,-1285.39,51-65
AC00483,41,Doctor,4,1605.72,0.00,4,0,7497.58,566.83,14371.08,13804.25,3,"2023-08-07 17:25:53","2023-10-16 16:13:57",14371.08,566.83,-13804.25,21.42,99.99,-1605.72,36-50
AC00485,42,Engineer,2,617.66,63.33,1,1,3974.14,792.33,7155.95,6363.62,2,"2023-02-16 17:05:58","2023-12-26 17:10:01",7155.95,792.33,-6363.62,15.54,9.75,-554.33,36-50
AC00486,37,Engineer,1,282.26,0.00,1,0,6857.20,6857.20,6857.20,0.00,1,"2023-06-26 16:55:17","2023-06-26 16:55:17",6857.20,6857.20,0.00,4.12,99.99,-282.26,36-50
AC00487,25,Student,4,373.42,107.10,3,1,2075.69,193.80,6095.65,5901.85,4,"2023-06-16 16:41:13","2023-12-11 16:06:04",193.80,6095.65,5901.85,17.99,3.49,-266.32,25-35
AC00488,38,Engineer,4,34.47,1052.30,2,2,4945.97,481.13,8842.47,8361.34,3,"2023-04-17 16:46:31","2023-11-06 17:53:25",7822.73,481.13,-7341.60,0.70,0.03,1017.83,36-50
AC00489,62,Retired,3,376.53,21.27,2,1,9673.44,7392.79,12526.71,5133.92,3,"2023-07-24 17:01:19","2023-11-07 18:44:46",7392.79,9100.81,1708.02,3.89,17.70,-355.26,51-65
AC00490,78,Retired,5,520.26,940.66,3,2,4401.54,344.07,13267.09,12923.02,4,"2023-02-27 16:07:57","2023-11-28 16:55:41",1916.34,13267.09,11350.75,11.82,0.55,420.40,"Above 65"
AC00491,57,Retired,1,37.57,0.00,1,0,7739.54,7739.54,7739.54,0.00,1,"2023-04-26 18:35:50","2023-04-26 18:35:50",7739.54,7739.54,0.00,0.49,99.99,-37.57,51-65
AC00492,33,Engineer,5,608.88,180.36,4,1,6947.10,2051.37,9905.23,7853.86,3,"2023-05-30 16:12:10","2023-10-18 16:44:36",9905.23,6941.47,-2963.76,8.76,3.38,-428.52,25-35
AC00493,34,Engineer,5,593.13,0.00,5,0,5214.97,443.62,8469.43,8025.81,5,"2023-02-28 16:28:25","2023-11-06 18:42:53",7016.99,443.62,-6573.37,11.37,99.99,-593.13,25-35
AC00494,22,Student,4,439.43,1433.98,2,2,1715.28,569.25,3677.63,3108.38,4,"2023-02-10 17:45:34","2023-11-03 16:45:25",1115.30,3677.63,2562.33,25.62,0.31,994.55,"Under 25"
AC00495,27,Student,8,2405.77,0.00,8,0,2709.59,160.57,6659.12,6498.55,6,"2023-03-06 16:46:57","2023-12-01 18:46:28",1633.76,5894.09,4260.33,88.79,99.99,-2405.77,25-35
AC00496,30,Engineer,3,595.88,0.00,3,0,6437.01,339.16,14395.88,14056.72,3,"2023-01-16 16:16:42","2023-04-26 17:55:11",4575.98,14395.88,9819.90,9.26,99.99,-595.88,25-35
AC00497,63,Retired,6,947.80,239.41,5,1,5153.62,910.26,11795.12,10884.86,5,"2023-01-12 16:21:27","2023-11-01 17:23:46",1106.34,7860.65,6754.31,18.39,3.96,-708.39,51-65
AC00498,34,Engineer,8,2146.77,904.25,5,3,4545.00,352.31,12063.77,11711.46,7,"2023-01-23 16:05:26","2024-01-01 16:34:10",2969.71,5688.37,2718.66,47.23,2.37,-1242.52,25-35
AC00499,23,Student,7,1859.77,461.52,6,1,4450.58,842.94,7749.14,6906.20,5,"2023-01-09 17:17:53","2023-11-27 16:14:25",6408.80,6012.67,-396.13,41.79,4.03,-1398.25,"Under 25"
AC00500,51,Doctor,4,291.41,355.55,2,2,7947.58,620.28,14852.42,14232.14,4,"2023-01-30 16:37:53","2023-10-09 16:44:50",14453.35,14852.42,399.07,3.67,0.82,64.14,51-65
