AccountID,CustomerAge,CustomerOccupation,age_group,avg_balance,min_balance,closing_balance,balance_direction,spend_intensity,total_transactions,total_stress_flags,low_balance_flag,balance_declining_flag,high_spend_intensity_flag,high_volatility_flag,high_frequency_flag,stress_score,health_score,health_segment
AC00001,25,Student,25-35,2915.16,1649.92,4180.40,2530.48,8.94,2,0,0,0,0,0,0,0,100,Healthy
AC00002,23,Student,"Under 25",4480.42,1154.48,1305.06,150.58,34.37,7,0,0,0,0,0,0,0,100,Healthy
AC00003,77,Retired,"Above 65",7329.57,1688.90,1688.90,-2180.47,11.59,5,2,0,1,0,1,0,35,65,Watch
AC00004,43,Engineer,36-50,3340.96,1019.46,1153.84,134.38,62.28,9,3,0,0,1,1,1,50,50,Watch
AC00005,64,Retired,51-65,4457.84,572.97,591.23,-6513.60,60.88,9,4,0,1,1,1,1,70,30,At-Risk
AC00006,33,Doctor,25-35,2051.26,420.67,1490.34,-3910.87,41.17,4,2,0,1,0,1,0,35,65,Watch
AC00007,22,Student,"Under 25",7428.59,634.17,14273.42,13639.25,20.13,5,1,0,0,0,1,0,15,85,Healthy
AC00008,23,Student,"Under 25",1072.25,1072.25,1072.25,0.00,7.10,1,1,1,0,0,0,0,30,70,Watch
AC00009,24,Student,"Under 25",2929.93,131.25,2409.73,2278.48,5.54,5,1,0,0,0,1,0,15,85,Healthy
AC00010,25,Student,25-35,5618.32,225.53,5956.89,5731.36,39.62,7,1,0,0,0,1,0,15,85,Healthy
AC00011,52,Doctor,51-65,2679.10,201.04,874.93,-9552.07,65.32,7,3,0,1,1,1,0,60,40,At-Risk
AC00012,67,Retired,"Above 65",4145.02,1161.84,3966.54,2698.82,47.60,6,1,0,0,0,1,0,15,85,Healthy
AC00013,72,Retired,"Above 65",4462.63,416.37,7299.86,3658.79,33.46,8,2,0,0,0,1,1,25,75,Healthy
AC00014,19,Student,"Under 25",6524.00,392.34,6356.96,5666.44,41.50,9,2,0,0,0,1,1,25,75,Healthy
AC00015,61,Doctor,51-65,3903.65,1181.84,1541.48,-10072.10,28.12,4,2,0,1,0,1,0,35,65,Watch
AC00016,53,Doctor,51-65,3985.80,164.12,164.12,-21.75,55.09,6,3,0,1,1,1,0,60,40,At-Risk
AC00017,32,Engineer,25-35,3273.47,477.03,7235.87,741.62,32.79,5,1,0,0,0,1,0,15,85,Healthy
AC00018,26,Student,25-35,8086.32,1821.00,9383.43,7562.43,19.29,3,0,0,0,0,0,0,0,100,Healthy
AC00019,57,Retired,51-65,4981.91,1122.35,1122.35,-6020.18,18.21,4,1,0,1,0,0,0,20,80,Healthy
AC00020,25,Student,25-35,3833.63,117.98,9951.68,9732.15,89.43,9,3,0,0,1,1,1,50,50,Watch
AC00021,71,Retired,"Above 65",3631.39,207.10,6242.03,-754.32,44.70,8,3,0,1,0,1,1,45,55,Watch
AC00022,44,Doctor,36-50,6334.74,1592.94,3498.58,-11177.47,9.59,4,2,0,1,0,1,0,35,65,Watch
AC00023,40,Engineer,36-50,3662.55,399.57,2791.12,-4825.31,27.22,6,2,0,1,0,1,0,35,65,Watch
AC00024,53,Engineer,51-65,3440.03,680.55,708.74,-4913.12,4.48,5,1,0,1,0,0,0,20,80,Healthy
AC00025,74,Retired,"Above 65",6009.84,4639.04,7380.63,2741.59,1.09,2,0,0,0,0,0,0,0,100,Healthy
AC00026,26,Student,25-35,4629.85,1236.38,1236.38,-435.28,8.82,6,1,0,1,0,0,0,20,80,Healthy
AC00027,63,Doctor,51-65,9518.50,6381.60,6381.60,-7205.92,2.95,3,1,0,1,0,0,0,20,80,Healthy
AC00028,20,Student,"Under 25",1610.47,1379.39,1588.31,208.92,134.75,3,2,1,0,1,0,0,55,45,At-Risk
AC00029,31,Engineer,25-35,6264.86,325.15,325.15,-7256.55,23.15,6,2,0,1,0,1,0,35,65,Watch
AC00030,51,Engineer,51-65,5498.29,868.35,868.35,-8332.39,29.75,9,3,0,1,0,1,1,45,55,Watch
AC00032,70,Retired,"Above 65",3675.57,105.01,9724.49,8246.86,67.39,9,3,0,0,1,1,1,50,50,Watch
AC00033,26,Student,25-35,3460.89,719.52,8253.52,6776.61,26.03,6,1,0,0,0,1,0,15,85,Healthy
AC00034,27,Student,25-35,2910.24,746.47,7949.03,7202.56,34.63,4,1,0,0,0,1,0,15,85,Healthy
AC00035,26,Student,25-35,6841.31,787.74,7626.53,6838.79,7.44,9,2,0,0,0,1,1,25,75,Healthy
AC00036,59,Engineer,51-65,6564.38,1674.94,14464.30,5196.98,22.51,5,1,0,0,0,1,0,15,85,Healthy
AC00037,73,Retired,"Above 65",7725.10,6372.58,9077.62,2705.04,3.28,2,0,0,0,0,0,0,0,100,Healthy
AC00038,67,Doctor,"Above 65",990.74,990.74,990.74,0.00,30.46,1,1,1,0,0,0,0,30,70,Watch
AC00039,53,Doctor,51-65,3446.30,271.78,271.78,-362.38,38.56,7,2,0,1,0,1,0,35,65,Watch
AC00040,67,Doctor,"Above 65",5260.77,167.28,765.81,-8832.62,32.09,5,2,0,1,0,1,0,35,65,Watch
AC00041,60,Engineer,51-65,3217.40,129.29,3484.32,-2244.78,35.50,7,2,0,1,0,1,0,35,65,Watch
AC00042,71,Retired,"Above 65",2019.30,707.25,707.25,-4002.96,41.23,5,2,0,1,0,1,0,35,65,Watch
AC00043,60,Retired,51-65,6327.02,3075.97,9127.65,6051.68,31.84,4,0,0,0,0,0,0,0,100,Healthy
AC00044,52,Doctor,51-65,7707.96,7707.96,7707.96,0.00,6.32,1,0,0,0,0,0,0,0,100,Healthy
AC00045,67,Retired,"Above 65",4162.49,364.72,364.72,-1646.88,33.43,5,2,0,1,0,1,0,35,65,Watch
AC00046,20,Student,"Under 25",4855.71,533.20,5141.32,4608.12,22.03,3,1,0,0,0,1,0,15,85,Healthy
AC00047,25,Student,25-35,6822.08,293.24,13542.41,13249.17,19.52,4,1,0,0,0,1,0,15,85,Healthy
AC00048,25,Student,25-35,6138.25,423.64,6949.21,6525.57,26.10,3,1,0,0,0,1,0,15,85,Healthy
AC00049,60,Engineer,51-65,6420.02,3806.16,9033.87,5227.71,17.35,2,0,0,0,0,0,0,0,100,Healthy
AC00050,29,Engineer,25-35,2506.36,290.24,558.99,-2197.21,26.12,5,2,0,1,0,1,0,35,65,Watch
AC00051,26,Student,25-35,2963.52,224.65,1081.79,-46.59,32.03,4,2,0,1,0,1,0,35,65,Watch
AC00052,35,Doctor,25-35,11790.66,6628.75,6628.75,-7934.27,3.57,3,1,0,1,0,0,0,20,80,Healthy
AC00053,30,Doctor,25-35,6333.70,303.68,7645.47,-3034.20,8.39,7,2,0,1,0,1,0,35,65,Watch
AC00054,31,Doctor,25-35,8343.47,409.26,13185.39,7142.14,19.52,9,2,0,0,0,1,1,25,75,Healthy
AC00055,39,Engineer,36-50,2345.77,918.88,1444.75,63.47,40.12,5,1,0,0,0,1,0,15,85,Healthy
AC00056,59,Engineer,51-65,3311.98,411.78,411.78,-2622.89,11.64,6,2,0,1,0,1,0,35,65,Watch
AC00057,32,Engineer,25-35,2884.13,811.86,7139.11,4552.00,11.45,5,1,0,0,0,1,0,15,85,Healthy
AC00058,50,Engineer,36-50,6184.52,438.75,13374.89,12936.14,27.80,7,1,0,0,0,1,0,15,85,Healthy
AC00059,34,Doctor,25-35,5450.70,692.69,7047.04,1469.10,9.85,4,0,0,0,0,0,0,0,100,Healthy
AC00060,59,Doctor,51-65,8073.03,1602.13,1602.13,-12094.48,18.31,4,1,0,1,0,0,0,20,80,Healthy
AC00061,32,Engineer,25-35,4894.17,3466.74,3466.74,-3123.54,19.56,5,1,0,1,0,0,0,20,80,Healthy
AC00062,21,Student,"Under 25",4016.10,232.56,6921.48,6688.92,17.18,3,1,0,0,0,1,0,15,85,Healthy
AC00063,25,Student,25-35,6064.07,1429.61,12154.66,10307.81,38.24,10,2,0,0,0,1,1,25,75,Healthy
AC00064,51,Retired,51-65,6635.09,3051.29,4026.03,974.74,21.27,4,0,0,0,0,0,0,0,100,Healthy
AC00065,26,Student,25-35,5017.59,250.93,7447.10,7196.17,13.94,5,1,0,0,0,1,0,15,85,Healthy
AC00066,69,Doctor,"Above 65",4661.94,1100.64,1100.64,-6172.91,18.51,4,1,0,1,0,0,0,20,80,Healthy
AC00067,30,Doctor,25-35,6148.92,1258.93,6851.16,-4469.67,52.44,7,3,0,1,1,1,0,60,40,At-Risk
AC00068,26,Student,25-35,3794.69,914.28,1829.90,915.62,69.62,4,2,0,0,1,1,0,40,60,Watch
AC00069,44,Doctor,36-50,6979.10,287.46,287.46,-10230.01,17.29,7,2,0,1,0,1,0,35,65,Watch
AC00070,73,Retired,"Above 65",5023.31,524.46,7371.85,4333.88,17.95,8,2,0,0,0,1,1,25,75,Healthy
AC00071,22,Student,"Under 25",1760.05,319.04,1483.84,968.96,189.36,8,4,1,0,1,1,1,80,20,Critical
AC00072,21,Student,"Under 25",5915.93,1329.41,7361.47,6032.06,13.32,4,0,0,0,0,0,0,0,100,Healthy
AC00073,58,Doctor,51-65,6266.72,1508.72,1968.36,459.64,29.28,5,1,0,0,0,1,0,15,85,Healthy
AC00074,66,Retired,"Above 65",5596.88,1959.52,1959.52,-4571.07,7.10,3,1,0,1,0,0,0,20,80,Healthy
AC00075,77,Retired,"Above 65",5046.53,1029.09,13779.97,5847.56,18.72,5,1,0,0,0,1,0,15,85,Healthy
AC00076,35,Doctor,25-35,4514.39,1389.89,1389.89,-12085.25,28.66,7,2,0,1,0,1,0,35,65,Watch
AC00077,27,Engineer,25-35,5078.52,1802.77,6847.47,1422.87,31.99,6,1,0,0,0,1,0,15,85,Healthy
AC00078,56,Retired,51-65,4800.70,836.69,7591.13,1351.24,28.25,6,0,0,0,0,0,0,0,100,Healthy
AC00079,18,Student,"Under 25",8332.32,5976.00,9323.71,3347.71,1.62,5,0,0,0,0,0,0,0,100,Healthy
AC00080,55,Retired,51-65,4599.39,1084.65,3493.13,1072.27,48.67,6,1,0,0,0,1,0,15,85,Healthy
AC00081,22,Student,"Under 25",833.00,187.65,1381.75,1194.10,35.05,3,1,1,0,0,0,0,30,70,Watch
AC00082,58,Retired,51-65,2743.05,825.69,825.69,-5195.16,25.66,3,2,0,1,0,1,0,35,65,Watch
AC00083,26,Student,25-35,3086.28,528.38,3012.31,-3418.55,76.93,6,3,0,1,1,1,0,60,40,At-Risk
AC00084,78,Retired,"Above 65",5090.40,2619.46,2619.46,-4941.87,9.86,2,1,0,1,0,0,0,20,80,Healthy
AC00085,18,Student,"Under 25",3256.92,299.93,1092.92,792.99,41.97,6,1,0,0,0,1,0,15,85,Healthy
AC00086,24,Student,"Under 25",3770.92,422.32,2061.61,911.87,78.17,7,2,0,0,1,1,0,40,60,Watch
AC00087,46,Engineer,36-50,5808.11,425.77,13084.27,5038.50,31.72,9,2,0,0,0,1,1,25,75,Healthy
AC00088,36,Doctor,36-50,1355.87,1050.63,1661.10,610.47,37.88,2,1,1,0,0,0,0,30,70,Watch
AC00089,45,Engineer,36-50,5283.81,1220.86,1220.86,-3160.38,12.18,5,2,0,1,0,1,0,35,65,Watch
AC00090,60,Engineer,51-65,5545.66,865.49,1519.38,-8357.79,31.39,9,3,0,1,0,1,1,45,55,Watch
AC00091,59,Retired,51-65,7123.26,6393.12,7872.04,767.43,15.12,3,0,0,0,0,0,0,0,100,Healthy
AC00092,51,Retired,51-65,6780.38,3475.99,6323.45,-531.16,27.72,8,2,0,1,0,0,1,30,70,Watch
AC00093,36,Engineer,36-50,4057.85,162.53,5897.73,-3902.48,62.65,9,4,0,1,1,1,1,70,30,At-Risk
AC00094,37,Engineer,36-50,4518.32,743.90,5403.79,2667.95,4.26,4,1,0,0,0,1,0,15,85,Healthy
AC00095,63,Doctor,51-65,6626.55,3382.91,7567.20,-630.80,28.49,8,2,0,1,0,0,1,30,70,Watch
AC00096,23,Student,"Under 25",3377.30,651.84,2156.54,1504.70,26.12,3,1,0,0,0,1,0,15,85,Healthy
AC00097,30,Doctor,25-35,4684.80,636.42,636.42,-10947.90,5.59,3,2,0,1,0,1,0,35,65,Watch
AC00098,46,Engineer,36-50,7159.09,3956.69,5103.67,1146.98,9.76,5,0,0,0,0,0,0,0,100,Healthy
AC00099,61,Retired,51-65,6798.96,5726.20,9840.04,4001.13,30.20,4,0,0,0,0,0,0,0,100,Healthy
AC00100,53,Doctor,51-65,5941.21,2197.12,2197.12,-6203.75,7.53,3,1,0,1,0,0,0,20,80,Healthy
AC00101,41,Engineer,36-50,9256.11,6870.84,6870.84,-1056.43,0.00,3,1,0,1,0,0,0,20,80,Healthy
AC00102,18,Student,"Under 25",2944.04,475.63,2037.75,1562.12,28.08,5,1,0,0,0,1,0,15,85,Healthy
AC00103,23,Student,"Under 25",3225.65,1025.99,1025.99,-572.64,51.69,5,2,0,1,1,0,0,45,55,Watch
AC00104,54,Engineer,51-65,1230.12,1230.12,1230.12,0.00,22.37,1,1,1,0,0,0,0,30,70,Watch
AC00105,53,Retired,51-65,4890.05,1968.51,6229.13,-243.37,5.31,3,1,0,1,0,0,0,20,80,Healthy
AC00106,24,Student,"Under 25",3476.03,944.83,6009.43,4203.27,38.76,6,1,0,0,0,1,0,15,85,Healthy
AC00107,29,Engineer,25-35,3541.56,1238.11,1238.11,-853.67,79.94,5,3,0,1,1,1,0,60,40,At-Risk
AC00108,19,Student,"Under 25",2645.56,373.88,421.44,-447.47,63.75,6,3,0,1,1,1,0,60,40,At-Risk
AC00109,27,Engineer,25-35,7460.47,7125.15,7125.15,-670.64,0.39,2,1,0,1,0,0,0,20,80,Healthy
AC00110,73,Retired,"Above 65",6877.30,363.92,9847.60,3346.04,33.06,8,2,0,0,0,1,1,25,75,Healthy
AC00111,41,Engineer,36-50,7752.75,269.78,6697.79,-494.66,25.77,7,2,0,1,0,1,0,35,65,Watch
AC00112,49,Doctor,36-50,14817.22,14817.22,14817.22,0.00,3.74,1,0,0,0,0,0,0,0,100,Healthy
AC00113,38,Doctor,36-50,5511.69,1057.00,11989.39,4116.11,12.66,4,1,0,0,0,1,0,15,85,Healthy
AC00114,29,Doctor,25-35,6692.16,2037.85,12801.93,3392.50,27.99,7,1,0,0,0,1,0,15,85,Healthy
AC00115,22,Student,"Under 25",5561.50,480.19,14904.90,14424.71,11.99,3,1,0,0,0,1,0,15,85,Healthy
AC00116,52,Doctor,51-65,5196.58,1872.22,5126.65,-6137.24,12.00,6,2,0,1,0,1,0,35,65,Watch
AC00117,19,Student,"Under 25",241.79,241.79,241.79,0.00,22.88,1,1,1,0,0,0,0,30,70,Watch
AC00118,23,Student,"Under 25",2507.67,1204.65,1204.65,-572.26,49.87,4,1,0,1,0,0,0,20,80,Healthy
AC00119,65,Doctor,51-65,7481.87,151.28,7135.64,-4562.51,19.08,6,2,0,1,0,1,0,35,65,Watch
AC00120,49,Doctor,36-50,7797.53,701.73,701.73,-9687.87,9.91,6,2,0,1,0,1,0,35,65,Watch
AC00121,38,Doctor,36-50,4727.52,3528.72,3528.72,-2397.59,1.71,2,1,0,1,0,0,0,20,80,Healthy
AC00122,28,Engineer,25-35,4967.56,619.86,9594.11,7022.72,18.98,6,1,0,0,0,1,0,15,85,Healthy
AC00123,67,Retired,"Above 65",7671.04,4536.38,10171.68,5635.30,11.98,4,0,0,0,0,0,0,0,100,Healthy
AC00124,39,Engineer,36-50,7488.18,1804.50,7950.48,2604.02,15.90,4,1,0,0,0,1,0,15,85,Healthy
AC00125,18,Student,"Under 25",5158.73,940.91,7004.63,-1866.26,8.11,6,2,0,1,0,1,0,35,65,Watch
AC00126,39,Engineer,36-50,5026.98,1447.35,10269.78,8822.43,12.84,7,1,0,0,0,1,0,15,85,Healthy
AC00127,46,Engineer,36-50,7377.25,2051.25,12703.24,10651.99,7.39,2,0,0,0,0,0,0,0,100,Healthy
AC00128,68,Retired,"Above 65",3310.42,383.58,1134.79,-1390.68,51.05,7,3,0,1,1,1,0,60,40,At-Risk
AC00129,62,Doctor,51-65,6915.41,3651.07,3651.07,-6291.17,15.84,4,1,0,1,0,0,0,20,80,Healthy
AC00130,43,Doctor,36-50,5486.90,387.02,1711.78,-6662.60,28.40,9,3,0,1,0,1,1,45,55,Watch
AC00131,27,Student,25-35,4672.11,125.85,125.85,-34.98,39.85,9,3,0,1,0,1,1,45,55,Watch
AC00132,28,Engineer,25-35,5044.51,860.12,4298.13,3438.01,4.84,4,1,0,0,0,1,0,15,85,Healthy
AC00133,24,Student,"Under 25",3986.58,752.25,6217.86,5465.61,26.42,7,1,0,0,0,1,0,15,85,Healthy
AC00134,48,Engineer,36-50,6037.03,6037.03,6037.03,0.00,0.82,1,0,0,0,0,0,0,0,100,Healthy
AC00135,51,Engineer,51-65,8796.24,8497.34,8497.34,-597.80,0.45,2,1,0,1,0,0,0,20,80,Healthy
AC00136,49,Engineer,36-50,5374.21,164.61,164.61,-5047.67,43.81,8,3,0,1,0,1,1,45,55,Watch
AC00137,20,Student,"Under 25",3988.95,998.49,1730.28,731.79,9.46,3,1,0,0,0,1,0,15,85,Healthy
AC00138,41,Engineer,36-50,4039.17,185.47,185.47,-7707.40,1.52,2,2,0,1,0,1,0,35,65,Watch
AC00139,59,Doctor,51-65,6090.36,1293.39,9553.42,2398.38,9.79,8,1,0,0,0,0,1,10,90,Healthy
AC00140,26,Student,25-35,5234.31,1523.72,12272.78,10484.51,16.07,7,1,0,0,0,1,0,15,85,Healthy
AC00141,25,Student,25-35,5206.89,958.70,3559.96,2601.26,12.97,5,0,0,0,0,0,0,0,100,Healthy
AC00142,25,Student,25-35,3924.35,1107.28,6741.41,5634.13,0.65,2,0,0,0,0,0,0,0,100,Healthy
AC00143,68,Doctor,"Above 65",7637.50,4055.55,4437.48,-6353.32,12.19,5,1,0,1,0,0,0,20,80,Healthy
AC00144,25,Student,25-35,4127.65,783.83,1265.28,481.45,32.56,8,2,0,0,0,1,1,25,75,Healthy
AC00145,27,Engineer,25-35,4859.60,319.84,319.84,-8949.83,26.86,5,2,0,1,0,1,0,35,65,Watch
AC00146,40,Doctor,36-50,12340.82,11147.34,13534.30,2386.96,9.20,2,0,0,0,0,0,0,0,100,Healthy
AC00147,26,Engineer,25-35,7854.64,6263.96,9028.49,2764.53,1.50,3,0,0,0,0,0,0,0,100,Healthy
AC00148,62,Doctor,51-65,6203.84,2366.30,4516.76,-6346.23,41.09,5,1,0,1,0,0,0,20,80,Healthy
AC00149,58,Retired,51-65,7058.09,618.05,9938.20,8547.22,31.43,6,1,0,0,0,1,0,15,85,Healthy
AC00150,22,Student,"Under 25",5858.76,359.06,1544.88,751.25,34.36,7,1,0,0,0,1,0,15,85,Healthy
AC00151,21,Student,"Under 25",6460.79,560.73,4474.20,3913.47,9.39,4,1,0,0,0,1,0,15,85,Healthy
AC00152,61,Retired,51-65,3941.26,832.82,7855.01,4575.89,23.85,4,1,0,0,0,1,0,15,85,Healthy
AC00153,64,Retired,51-65,4495.13,271.64,447.53,-5561.59,52.55,7,3,0,1,1,1,0,60,40,At-Risk
AC00154,36,Engineer,36-50,3856.71,921.23,6810.94,4570.45,22.54,5,1,0,0,0,1,0,15,85,Healthy
AC00155,32,Doctor,25-35,5971.55,667.66,8092.94,-1586.74,29.43,6,2,0,1,0,1,0,35,65,Watch
AC00156,58,Retired,51-65,2481.34,813.68,1182.77,-1006.61,86.85,5,3,0,1,1,1,0,60,40,At-Risk
AC00157,69,Retired,"Above 65",4543.08,3228.87,4735.41,1495.27,16.18,5,0,0,0,0,0,0,0,100,Healthy
AC00158,72,Retired,"Above 65",5047.85,1623.50,7516.56,197.92,20.36,7,0,0,0,0,0,0,0,100,Healthy
AC00159,69,Retired,"Above 65",5827.55,1649.43,2154.58,-1752.96,3.73,5,2,0,1,0,1,0,35,65,Watch
AC00160,65,Doctor,51-65,5922.67,1292.10,1292.10,-9261.13,17.34,2,2,0,1,0,1,0,35,65,Watch
AC00161,41,Doctor,36-50,7019.25,421.93,7696.16,7274.23,28.01,4,1,0,0,0,1,0,15,85,Healthy
AC00162,26,Engineer,25-35,2093.06,932.61,932.61,-2320.90,4.29,2,1,0,1,0,0,0,20,80,Healthy
AC00163,18,Student,"Under 25",1000.22,341.94,1658.49,1316.55,22.71,2,1,1,0,0,0,0,30,70,Watch
AC00164,25,Student,25-35,6175.10,337.62,337.62,-6837.07,49.22,6,2,0,1,0,1,0,35,65,Watch
AC00165,61,Doctor,51-65,4871.54,268.77,12002.16,5977.36,19.31,6,1,0,0,0,1,0,15,85,Healthy
AC00166,19,Student,"Under 25",4251.55,1251.85,7863.60,6268.34,28.81,6,1,0,0,0,1,0,15,85,Healthy
AC00167,66,Retired,"Above 65",5161.33,922.19,7044.63,630.52,30.64,5,1,0,0,0,1,0,15,85,Healthy
AC00168,49,Engineer,36-50,2471.53,2471.53,2471.53,0.00,0.00,1,0,0,0,0,0,0,0,100,Healthy
AC00169,66,Doctor,"Above 65",7002.05,4618.53,4618.53,-4767.04,2.51,2,1,0,1,0,0,0,20,80,Healthy
AC00170,32,Engineer,25-35,5322.22,609.60,7816.41,-138.51,9.96,7,1,0,1,0,0,0,20,80,Healthy
AC00171,72,Retired,"Above 65",7441.08,761.78,1111.67,-6348.66,11.96,5,2,0,1,0,1,0,35,65,Watch
AC00172,23,Student,"Under 25",4234.56,342.73,7677.76,7335.03,57.52,5,2,0,0,1,1,0,40,60,Watch
AC00173,33,Doctor,25-35,5366.01,1008.76,1008.76,-4854.23,24.16,4,1,0,1,0,0,0,20,80,Healthy
AC00174,63,Doctor,51-65,4297.87,1121.19,1121.19,-4117.18,6.14,4,2,0,1,0,1,0,35,65,Watch
AC00175,63,Doctor,51-65,6035.41,2968.75,2987.97,-10896.27,11.50,7,2,0,1,0,1,0,35,65,Watch
AC00176,18,Student,"Under 25",3415.33,165.75,4835.91,4531.47,51.58,8,3,0,0,1,1,1,50,50,Watch
AC00177,60,Engineer,51-65,4208.69,135.96,1298.13,-6976.64,45.59,9,3,0,1,0,1,1,45,55,Watch
AC00178,79,Retired,"Above 65",4872.18,1008.44,7369.89,2131.18,16.67,5,0,0,0,0,0,0,0,100,Healthy
AC00179,68,Retired,"Above 65",8851.88,2012.24,10462.77,4062.18,20.06,6,0,0,0,0,0,0,0,100,Healthy
AC00180,26,Student,25-35,7597.66,7597.66,7597.66,0.00,1.43,1,0,0,0,0,0,0,0,100,Healthy
AC00181,28,Student,25-35,4768.77,824.71,4392.73,3568.02,30.35,5,1,0,0,0,1,0,15,85,Healthy
AC00182,41,Engineer,36-50,3058.39,112.76,1790.27,-4116.31,107.32,8,4,0,1,1,1,1,70,30,At-Risk
AC00183,51,Retired,51-65,3703.41,129.79,3791.99,-2789.56,38.49,6,2,0,1,0,1,0,35,65,Watch
AC00184,67,Doctor,"Above 65",7573.00,2264.98,10483.93,2441.63,13.49,4,0,0,0,0,0,0,0,100,Healthy
AC00185,49,Engineer,36-50,4565.13,658.91,3921.74,-9.29,9.26,6,2,0,1,0,1,0,35,65,Watch
AC00186,29,Engineer,25-35,8892.37,7950.74,7950.74,-1883.26,2.24,2,1,0,1,0,0,0,20,80,Healthy
AC00187,57,Engineer,51-65,4231.83,2104.82,2104.82,-1173.83,19.69,5,1,0,1,0,0,0,20,80,Healthy
AC00188,40,Doctor,36-50,6394.69,552.06,6295.45,-5370.73,2.81,5,2,0,1,0,1,0,35,65,Watch
AC00189,22,Student,"Under 25",2049.51,213.00,3133.85,2303.48,29.45,5,1,0,0,0,1,0,15,85,Healthy
AC00190,27,Student,25-35,2487.64,690.16,1562.90,872.74,44.39,5,1,0,0,0,1,0,15,85,Healthy
AC00191,27,Engineer,25-35,11100.47,6704.76,13265.92,6561.16,4.61,3,0,0,0,0,0,0,0,100,Healthy
AC00192,54,Retired,51-65,7032.63,1913.73,12799.34,5325.03,32.00,4,1,0,0,0,1,0,15,85,Healthy
AC00193,57,Retired,51-65,5706.59,4079.09,7334.08,3254.99,9.31,2,0,0,0,0,0,0,0,100,Healthy
AC00194,48,Doctor,36-50,4145.79,459.37,3990.60,-2468.78,4.43,5,1,0,1,0,0,0,20,80,Healthy
AC00195,55,Retired,51-65,8328.47,6521.05,10135.88,3614.83,4.73,2,0,0,0,0,0,0,0,100,Healthy
AC00196,28,Engineer,25-35,5811.73,3473.24,7534.73,2904.15,34.88,6,0,0,0,0,0,0,0,100,Healthy
AC00197,36,Doctor,36-50,4838.83,1167.25,2732.86,-8390.79,5.86,4,2,0,1,0,1,0,35,65,Watch
AC00198,58,Engineer,51-65,5989.48,230.09,11748.86,11518.77,17.83,2,1,0,0,0,1,0,15,85,Healthy
AC00199,37,Doctor,36-50,13316.71,13316.71,13316.71,0.00,0.00,1,0,0,0,0,0,0,0,100,Healthy
AC00200,24,Student,"Under 25",5245.60,221.79,7844.88,6717.34,28.04,7,1,0,0,0,1,0,15,85,Healthy
AC00201,55,Retired,51-65,2108.83,672.79,2475.65,589.29,23.25,5,1,0,0,0,1,0,15,85,Healthy
AC00202,75,Retired,"Above 65",3980.30,319.65,5677.05,801.19,63.38,12,3,0,0,1,1,1,50,50,Watch
AC00203,22,Student,"Under 25",5597.17,712.13,6151.05,4906.12,43.04,6,1,0,0,0,1,0,15,85,Healthy
AC00204,65,Doctor,51-65,4325.53,289.71,7375.73,-7113.96,37.73,7,2,0,1,0,1,0,35,65,Watch
AC00205,26,Student,25-35,6163.80,1584.60,7473.73,5889.13,0.43,4,0,0,0,0,0,0,0,100,Healthy
AC00206,27,Student,25-35,2588.22,1256.33,3920.11,2663.78,16.88,2,0,0,0,0,0,0,0,100,Healthy
AC00207,71,Retired,"Above 65",3334.21,1119.21,1119.21,-4429.99,1.14,2,1,0,1,0,0,0,20,80,Healthy
AC00208,46,Doctor,36-50,3018.81,756.74,3801.82,-2299.33,81.85,4,3,0,1,1,1,0,60,40,At-Risk
AC00209,53,Retired,51-65,3774.78,1733.34,2293.13,559.79,29.19,5,1,0,0,0,1,0,15,85,Healthy
AC00210,58,Engineer,51-65,6364.28,3959.62,6486.18,2103.45,16.39,4,0,0,0,0,0,0,0,100,Healthy
AC00211,41,Doctor,36-50,7203.62,3173.17,3173.17,-7935.22,27.62,4,1,0,1,0,0,0,20,80,Healthy
AC00212,41,Doctor,36-50,8039.32,2991.17,11036.74,946.69,11.66,3,0,0,0,0,0,0,0,100,Healthy
AC00213,18,Student,"Under 25",5226.29,412.78,1636.32,-4513.49,26.00,6,2,0,1,0,1,0,35,65,Watch
AC00214,24,Student,"Under 25",3292.69,703.26,5882.12,5178.86,6.54,2,1,0,0,0,1,0,15,85,Healthy
AC00215,32,Engineer,25-35,6968.14,714.45,11619.10,10904.65,11.86,5,1,0,0,0,1,0,15,85,Healthy
AC00216,37,Doctor,36-50,5081.76,711.66,6189.24,-3221.75,21.87,5,2,0,1,0,1,0,35,65,Watch
AC00217,39,Engineer,36-50,2673.51,471.28,796.35,-5655.79,52.20,6,3,0,1,1,1,0,60,40,At-Risk
AC00218,60,Engineer,51-65,6312.39,1616.30,7208.15,4923.74,21.55,7,1,0,0,0,1,0,15,85,Healthy
AC00219,39,Engineer,36-50,5530.19,246.57,1204.11,-1784.30,20.12,10,3,0,1,0,1,1,45,55,Watch
AC00220,40,Doctor,36-50,6363.11,3138.00,7176.86,-1952.82,18.72,6,1,0,1,0,0,0,20,80,Healthy
AC00221,62,Retired,51-65,5172.99,5172.99,5172.99,0.00,3.29,1,0,0,0,0,0,0,0,100,Healthy
AC00222,68,Doctor,"Above 65",3920.59,101.25,101.25,-6905.21,41.98,4,2,0,1,0,1,0,35,65,Watch
AC00223,20,Student,"Under 25",7726.22,6213.32,6213.32,-3025.80,10.64,2,1,0,1,0,0,0,20,80,Healthy
AC00224,19,Student,"Under 25",4353.32,123.24,8583.39,8460.15,11.04,2,1,0,0,0,1,0,15,85,Healthy
AC00225,26,Student,25-35,4387.59,214.61,7885.64,7671.03,60.23,11,3,0,0,1,1,1,50,50,Watch
AC00227,33,Doctor,25-35,6610.35,906.20,1146.09,-4161.65,24.85,5,2,0,1,0,1,0,35,65,Watch
AC00228,52,Retired,51-65,6111.25,2038.31,6039.04,1198.73,30.98,8,2,0,0,0,1,1,25,75,Healthy
AC00229,53,Retired,51-65,4422.44,914.16,914.16,-2983.01,17.06,5,2,0,1,0,1,0,35,65,Watch
AC00230,22,Student,"Under 25",6717.67,1257.90,6824.00,5566.10,11.49,3,1,0,0,0,1,0,15,85,Healthy
AC00231,78,Retired,"Above 65",7652.62,4895.87,9738.60,4842.73,10.25,5,0,0,0,0,0,0,0,100,Healthy
AC00232,49,Engineer,36-50,6050.38,1715.22,11088.95,8974.65,20.33,5,1,0,0,0,1,0,15,85,Healthy
AC00233,50,Engineer,36-50,6186.76,717.99,11847.07,1967.20,12.08,6,1,0,0,0,1,0,15,85,Healthy
AC00235,27,Engineer,25-35,6119.73,3293.01,9418.08,4558.07,22.11,7,0,0,0,0,0,0,0,100,Healthy
AC00236,60,Doctor,51-65,5299.06,1307.23,1307.23,-12214.53,39.11,6,2,0,1,0,1,0,35,65,Watch
AC00237,29,Doctor,25-35,10119.09,6675.03,6675.03,-3116.71,9.33,5,1,0,1,0,0,0,20,80,Healthy
AC00238,24,Student,"Under 25",1188.95,1188.95,1188.95,0.00,28.23,1,1,1,0,0,0,0,30,70,Watch
AC00239,27,Engineer,25-35,4057.00,1334.09,6689.87,3888.59,15.04,5,0,0,0,0,0,0,0,100,Healthy
AC00240,75,Retired,"Above 65",1751.66,1100.06,1100.06,-1303.19,65.72,2,3,1,1,1,0,0,75,25,At-Risk
AC00241,42,Doctor,36-50,5154.22,852.98,7167.57,-301.63,29.29,9,3,0,1,0,1,1,45,55,Watch
AC00242,59,Retired,51-65,4646.25,184.72,2788.20,-5160.17,14.85,9,3,0,1,0,1,1,45,55,Watch
AC00243,73,Retired,"Above 65",4149.62,1035.22,1819.91,-5312.17,13.33,4,1,0,1,0,0,0,20,80,Healthy
AC00244,29,Engineer,25-35,3762.47,151.42,6853.51,638.97,48.54,5,1,0,0,0,1,0,15,85,Healthy
AC00245,30,Doctor,25-35,8931.12,1950.63,7568.40,-5916.60,5.24,6,1,0,1,0,0,0,20,80,Healthy
AC00246,69,Doctor,"Above 65",9185.62,816.01,14077.97,4060.86,7.01,5,1,0,0,0,1,0,15,85,Healthy
AC00247,31,Doctor,25-35,5752.72,467.40,5599.81,-5105.14,18.34,7,2,0,1,0,1,0,35,65,Watch
AC00248,53,Doctor,51-65,1939.47,362.40,5243.00,3593.31,62.95,7,3,1,0,1,1,0,70,30,At-Risk
AC00249,65,Doctor,51-65,8682.34,5379.25,7330.31,-6200.91,5.09,5,1,0,1,0,0,0,20,80,Healthy
AC00250,20,Student,"Under 25",5055.10,1236.76,8873.43,7636.67,3.03,2,1,0,0,0,1,0,15,85,Healthy
AC00251,53,Retired,51-65,3080.41,476.19,476.19,-2658.28,61.26,4,3,0,1,1,1,0,60,40,At-Risk
AC00252,74,Retired,"Above 65",6773.72,5946.45,5946.45,-1654.54,22.17,2,1,0,1,0,0,0,20,80,Healthy
AC00253,36,Doctor,36-50,3488.99,354.90,7145.67,6790.77,56.64,6,2,0,0,1,1,0,40,60,Watch
AC00254,31,Doctor,25-35,5198.93,587.12,9274.64,618.46,23.16,6,1,0,0,0,1,0,15,85,Healthy
AC00255,33,Engineer,25-35,7753.02,6777.12,6777.12,-1657.87,12.15,3,1,0,1,0,0,0,20,80,Healthy
AC00256,57,Retired,51-65,5221.81,548.45,548.45,-4592.74,24.10,3,2,0,1,0,1,0,35,65,Watch
AC00257,39,Doctor,36-50,6594.16,213.36,8171.26,1696.85,41.38,11,2,0,0,0,1,1,25,75,Healthy
AC00258,62,Retired,51-65,3264.93,686.91,686.91,-676.74,37.24,7,2,0,1,0,1,0,35,65,Watch
AC00259,20,Student,"Under 25",3837.08,1223.45,8590.50,7367.05,15.02,3,1,0,0,0,1,0,15,85,Healthy
AC00260,77,Retired,"Above 65",3065.16,966.88,1615.04,-5032.69,13.83,4,2,0,1,0,1,0,35,65,Watch
AC00261,69,Doctor,"Above 65",5556.28,1244.17,7640.57,-713.97,20.90,8,3,0,1,0,1,1,45,55,Watch
AC00262,64,Retired,51-65,2872.00,1006.12,2393.73,1387.61,49.21,5,1,0,0,0,1,0,15,85,Healthy
AC00263,70,Retired,"Above 65",8126.63,4580.59,4704.91,124.32,4.97,5,0,0,0,0,0,0,0,100,Healthy
AC00264,20,Student,"Under 25",2540.18,189.69,189.69,-677.63,104.23,6,3,0,1,1,1,0,60,40,At-Risk
AC00265,21,Student,"Under 25",5747.24,605.95,9578.74,8338.03,37.00,9,2,0,0,0,1,1,25,75,Healthy
AC00266,59,Retired,51-65,5184.90,1938.99,1938.99,-4105.94,11.63,4,1,0,1,0,0,0,20,80,Healthy
AC00267,36,Engineer,36-50,3659.88,1075.15,8576.65,6438.75,52.25,10,3,0,0,1,1,1,50,50,Watch
AC00268,48,Engineer,36-50,6291.06,1189.03,1189.03,-5281.54,28.12,4,2,0,1,0,1,0,35,65,Watch
AC00269,71,Retired,"Above 65",7879.65,4287.82,13388.56,7425.98,5.83,3,0,0,0,0,0,0,0,100,Healthy
AC00270,20,Student,"Under 25",1960.10,454.66,3465.54,3010.88,34.30,2,2,1,0,0,1,0,45,55,Watch
AC00271,65,Retired,51-65,2121.43,469.14,1637.75,408.82,12.61,5,1,0,0,0,1,0,15,85,Healthy
AC00272,21,Student,"Under 25",4363.20,464.20,3872.55,2872.09,53.67,8,3,0,0,1,1,1,50,50,Watch
AC00273,30,Doctor,25-35,4521.26,264.83,11481.85,5913.87,52.20,4,2,0,0,1,1,0,40,60,Watch
AC00274,43,Engineer,36-50,6314.33,4159.52,6851.31,2691.79,8.79,5,0,0,0,0,0,0,0,100,Healthy
AC00275,23,Student,"Under 25",5409.71,611.86,5950.48,5250.58,26.58,9,2,0,0,0,1,1,25,75,Healthy
AC00276,22,Student,"Under 25",6876.45,2227.49,10721.29,6221.03,21.39,5,0,0,0,0,0,0,0,100,Healthy
AC00277,33,Doctor,25-35,7847.46,749.34,8524.09,7774.75,16.89,3,1,0,0,0,1,0,15,85,Healthy
AC00278,21,Student,"Under 25",8107.50,1451.02,12990.77,11539.75,5.09,3,0,0,0,0,0,0,0,100,Healthy
AC00279,44,Doctor,36-50,7029.76,518.54,518.54,-11351.17,30.20,9,3,0,1,0,1,1,45,55,Watch
AC00280,20,Student,"Under 25",6585.81,1523.04,10001.66,8478.62,10.29,5,1,0,0,0,1,0,15,85,Healthy
AC00281,66,Doctor,"Above 65",7851.97,3900.34,3900.34,-2466.09,12.62,4,1,0,1,0,0,0,20,80,Healthy
AC00282,67,Doctor,"Above 65",7422.99,1509.27,1509.27,-9122.16,20.01,6,2,0,1,0,1,0,35,65,Watch
AC00283,21,Student,"Under 25",664.72,664.72,664.72,0.00,11.72,1,1,1,0,0,0,0,30,70,Watch
AC00284,57,Engineer,51-65,5602.19,234.41,4764.48,-1230.39,57.23,8,4,0,1,1,1,1,70,30,At-Risk
AC00285,50,Engineer,36-50,5298.99,136.74,9384.54,8931.15,39.58,7,1,0,0,0,1,0,15,85,Healthy
AC00286,33,Engineer,25-35,4575.34,259.77,9603.73,2664.50,10.86,6,1,0,0,0,1,0,15,85,Healthy
AC00287,51,Retired,51-65,4740.83,1997.33,1997.33,-5486.99,12.00,2,1,0,1,0,0,0,20,80,Healthy
AC00288,40,Engineer,36-50,4081.38,2008.77,7947.44,5938.67,29.11,3,0,0,0,0,0,0,0,100,Healthy
AC00289,72,Retired,"Above 65",4222.60,1919.97,1919.97,-405.81,24.61,3,2,0,1,0,1,0,35,65,Watch
AC00290,48,Engineer,36-50,3901.58,461.83,461.83,-4619.43,39.69,4,2,0,1,0,1,0,35,65,Watch
AC00291,53,Engineer,51-65,7245.48,2583.07,9933.56,2843.66,33.73,7,0,0,0,0,0,0,0,100,Healthy
AC00292,49,Doctor,36-50,7738.22,2563.91,5374.54,-8646.86,19.95,7,1,0,1,0,0,0,20,80,Healthy
AC00293,57,Engineer,51-65,4518.22,2569.56,3753.24,1183.68,6.90,4,0,0,0,0,0,0,0,100,Healthy
AC00294,80,Retired,"Above 65",5869.89,1918.36,1918.36,-4683.08,16.08,4,1,0,1,0,0,0,20,80,Healthy
AC00295,28,Student,25-35,6326.12,333.19,333.19,-7502.21,11.69,6,2,0,1,0,1,0,35,65,Watch
AC00296,21,Student,"Under 25",1070.67,265.51,1503.56,379.67,110.38,4,2,1,0,1,0,0,55,45,At-Risk
AC00297,64,Retired,51-65,5831.12,479.08,9088.36,1467.76,30.01,10,2,0,0,0,1,1,25,75,Healthy
AC00298,27,Student,25-35,3864.90,903.05,3807.84,2111.69,14.64,7,1,0,0,0,1,0,15,85,Healthy
AC00299,54,Doctor,51-65,7235.76,3057.40,3057.40,-5923.70,3.67,4,1,0,1,0,0,0,20,80,Healthy
AC00300,70,Doctor,"Above 65",5231.22,586.76,1546.22,-8462.11,14.56,5,2,0,1,0,1,0,35,65,Watch
AC00301,73,Retired,"Above 65",3055.98,269.01,6697.77,4995.12,49.52,6,1,0,0,0,1,0,15,85,Healthy
AC00302,55,Engineer,51-65,7329.41,4732.81,9297.50,-528.76,26.01,4,1,0,1,0,0,0,20,80,Healthy
AC00303,19,Student,"Under 25",5414.30,596.16,9018.33,-945.06,37.08,6,2,0,1,0,1,0,35,65,Watch
AC00304,77,Retired,"Above 65",6378.04,1105.89,13586.99,9235.16,51.15,11,3,0,0,1,1,1,50,50,Watch
AC00305,57,Retired,51-65,7643.98,3908.65,11471.87,7563.22,11.46,6,0,0,0,0,0,0,0,100,Healthy
AC00306,35,Engineer,25-35,4522.18,312.19,312.19,-8531.25,24.69,6,2,0,1,0,1,0,35,65,Watch
AC00307,54,Engineer,51-65,3353.77,233.21,8013.63,7780.42,6.55,3,1,0,0,0,1,0,15,85,Healthy
AC00308,36,Engineer,36-50,6050.63,5619.91,5619.91,-861.44,8.01,2,1,0,1,0,0,0,20,80,Healthy
AC00309,50,Doctor,36-50,8436.12,8436.12,8436.12,0.00,0.00,1,0,0,0,0,0,0,0,100,Healthy
AC00310,53,Engineer,51-65,3099.95,221.56,221.56,-4481.30,72.50,7,3,0,1,1,1,0,60,40,At-Risk
AC00311,18,Student,"Under 25",3588.74,145.50,5449.37,3969.70,48.70,6,1,0,0,0,1,0,15,85,Healthy
AC00312,24,Student,"Under 25",2322.50,530.81,941.49,410.68,84.35,4,2,0,0,1,1,0,40,60,Watch
AC00313,27,Student,25-35,5137.25,414.43,414.43,-937.26,13.94,3,2,0,1,0,1,0,35,65,Watch
AC00314,69,Doctor,"Above 65",6035.61,2513.56,2513.56,-3506.73,14.55,4,1,0,1,0,0,0,20,80,Healthy
AC00315,44,Engineer,36-50,5088.78,130.76,9588.71,449.95,19.81,5,1,0,0,0,1,0,15,85,Healthy
AC00316,28,Student,25-35,6999.88,321.21,522.08,200.87,29.77,6,1,0,0,0,1,0,15,85,Healthy
AC00317,22,Student,"Under 25",5200.82,521.88,1131.26,-311.76,31.00,7,2,0,1,0,1,0,35,65,Watch
AC00318,30,Doctor,25-35,5194.21,570.10,5579.11,252.43,34.79,5,1,0,0,0,1,0,15,85,Healthy
AC00319,56,Retired,51-65,4170.72,1338.95,2224.08,-790.67,26.99,5,1,0,1,0,0,0,20,80,Healthy
AC00320,63,Retired,51-65,3435.14,522.39,5541.57,4417.82,48.86,5,1,0,0,0,1,0,15,85,Healthy
AC00321,59,Engineer,51-65,6583.14,3210.39,9955.88,6745.49,6.06,2,0,0,0,0,0,0,0,100,Healthy
AC00322,65,Doctor,51-65,4892.47,254.75,13264.14,4251.04,62.68,9,3,0,0,1,1,1,50,50,Watch
AC00323,54,Engineer,51-65,6179.95,1644.09,8802.97,2021.67,20.00,4,0,0,0,0,0,0,0,100,Healthy
AC00324,28,Student,25-35,3700.90,187.90,6290.62,4778.46,16.84,5,1,0,0,0,1,0,15,85,Healthy
AC00325,22,Student,"Under 25",5205.52,1824.19,6911.20,5087.01,20.30,5,0,0,0,0,0,0,0,100,Healthy
AC00326,18,Student,"Under 25",3002.60,678.83,7697.68,7018.85,26.21,5,1,0,0,0,1,0,15,85,Healthy
AC00327,21,Student,"Under 25",2363.82,320.25,447.06,126.81,64.80,6,2,0,0,1,1,0,40,60,Watch
AC00328,60,Doctor,51-65,5880.89,2304.56,8647.04,1020.00,12.82,5,0,0,0,0,0,0,0,100,Healthy
AC00329,25,Student,25-35,4076.46,193.06,193.06,-1164.16,27.33,9,3,0,1,0,1,1,45,55,Watch
AC00330,58,Retired,51-65,4218.52,490.57,1545.64,-330.71,10.18,4,2,0,1,0,1,0,35,65,Watch
AC00331,19,Student,"Under 25",3443.25,563.46,1569.75,261.89,64.15,7,2,0,0,1,1,0,40,60,Watch
AC00332,69,Retired,"Above 65",5286.80,1309.95,6133.22,2568.42,26.90,8,2,0,0,0,1,1,25,75,Healthy
AC00333,57,Engineer,51-65,7932.00,5684.09,5684.09,-2314.16,6.76,3,1,0,1,0,0,0,20,80,Healthy
AC00334,40,Engineer,36-50,4797.21,1214.93,1214.93,-6157.88,17.70,3,1,0,1,0,0,0,20,80,Healthy
AC00335,49,Doctor,36-50,6542.46,5365.20,5365.20,-2354.51,0.00,2,1,0,1,0,0,0,20,80,Healthy
AC00336,40,Engineer,36-50,2706.51,480.16,1969.48,1489.32,18.40,4,1,0,0,0,1,0,15,85,Healthy
AC00337,60,Engineer,51-65,4463.38,261.97,261.97,-4692.40,86.30,8,4,0,1,1,1,1,70,30,At-Risk
AC00338,57,Retired,51-65,3110.28,960.96,1292.21,-858.17,85.16,7,3,0,1,1,1,0,60,40,At-Risk
AC00339,24,Student,"Under 25",5782.37,1242.62,6312.79,5070.17,37.51,9,2,0,0,0,1,1,25,75,Healthy
AC00340,29,Doctor,25-35,10344.41,5558.36,5558.36,-6268.16,7.44,3,1,0,1,0,0,0,20,80,Healthy
AC00341,36,Engineer,36-50,6483.11,1549.27,1549.27,-7151.53,7.78,5,1,0,1,0,0,0,20,80,Healthy
AC00342,29,Engineer,25-35,3593.28,844.55,3582.16,-2770.98,17.52,3,2,0,1,0,1,0,35,65,Watch
AC00344,33,Doctor,25-35,5391.36,1493.88,7858.41,2632.68,42.51,4,0,0,0,0,0,0,0,100,Healthy
AC00345,51,Doctor,51-65,6014.27,1352.19,1913.06,-13029.72,47.01,9,3,0,1,0,1,1,45,55,Watch
AC00346,25,Student,25-35,831.75,831.75,831.75,0.00,21.70,1,1,1,0,0,0,0,30,70,Watch
AC00347,67,Doctor,"Above 65",2581.20,796.63,796.63,-5149.98,30.39,3,2,0,1,0,1,0,35,65,Watch
AC00348,27,Student,25-35,3637.80,1484.31,9165.02,7292.06,16.12,4,1,0,0,0,1,0,15,85,Healthy
AC00349,43,Doctor,36-50,7319.05,1337.50,10536.54,9199.04,10.69,6,1,0,0,0,1,0,15,85,Healthy
AC00350,33,Engineer,25-35,3236.54,969.06,5504.01,4534.95,46.24,2,0,0,0,0,0,0,0,100,Healthy
AC00351,56,Retired,51-65,1794.36,1562.39,2026.32,463.93,16.46,2,1,1,0,0,0,0,30,70,Watch
AC00352,28,Student,25-35,3500.57,614.14,10915.54,10301.40,12.28,4,1,0,0,0,1,0,15,85,Healthy
AC00353,54,Engineer,51-65,4495.17,431.16,6275.00,-2081.08,5.71,5,2,0,1,0,1,0,35,65,Watch
AC00354,78,Retired,"Above 65",5952.31,1488.65,10357.26,7935.32,15.55,5,0,0,0,0,0,0,0,100,Healthy
AC00355,54,Engineer,51-65,3516.05,1238.43,6313.22,3316.71,18.21,3,0,0,0,0,0,0,0,100,Healthy
AC00356,30,Engineer,25-35,5589.56,267.53,5008.59,-4692.18,46.22,8,3,0,1,0,1,1,45,55,Watch
AC00357,42,Engineer,36-50,4306.79,102.20,1131.42,-4396.94,41.47,6,2,0,1,0,1,0,35,65,Watch
AC00358,21,Student,"Under 25",5731.02,1380.34,11174.94,5839.50,57.07,8,3,0,0,1,1,1,50,50,Watch
AC00359,22,Student,"Under 25",3581.43,399.00,5109.97,4710.97,54.17,6,2,0,0,1,1,0,40,60,Watch
AC00360,50,Engineer,36-50,5327.71,2403.39,4732.57,2329.18,21.91,6,0,0,0,0,0,0,0,100,Healthy
AC00361,22,Student,"Under 25",715.39,469.12,469.12,-492.53,17.70,2,2,1,1,0,0,0,50,50,Watch
AC00362,51,Engineer,51-65,5397.56,841.65,8375.16,3894.73,32.09,12,2,0,0,0,1,1,25,75,Healthy
AC00363,75,Retired,"Above 65",5502.64,991.69,3656.93,-3601.40,69.60,12,4,0,1,1,1,1,70,30,At-Risk
AC00364,71,Retired,"Above 65",6067.62,6067.62,6067.62,0.00,2.37,1,0,0,0,0,0,0,0,100,Healthy
AC00365,45,Engineer,36-50,6982.93,1305.76,14815.87,5082.28,10.52,5,1,0,0,0,1,0,15,85,Healthy
AC00366,28,Engineer,25-35,5189.07,379.82,9257.04,-551.93,47.74,8,3,0,1,0,1,1,45,55,Watch
AC00367,22,Student,"Under 25",5213.39,873.89,8697.11,7823.22,19.68,7,1,0,0,0,1,0,15,85,Healthy
AC00368,27,Student,25-35,6403.39,761.00,5692.31,4931.31,17.87,4,1,0,0,0,1,0,15,85,Healthy
AC00369,22,Student,"Under 25",2938.84,964.79,6269.12,4865.06,44.79,6,1,0,0,0,1,0,15,85,Healthy
AC00370,46,Engineer,36-50,5771.12,1370.03,5298.85,-1072.66,18.03,7,2,0,1,0,1,0,35,65,Watch
AC00371,46,Doctor,36-50,6745.42,6485.78,6485.78,-519.27,4.87,2,1,0,1,0,0,0,20,80,Healthy
AC00372,61,Retired,51-65,10161.17,1731.89,13869.86,12137.97,8.23,3,0,0,0,0,0,0,0,100,Healthy
AC00373,67,Retired,"Above 65",6042.55,341.24,1375.80,-4098.02,23.61,9,3,0,1,0,1,1,45,55,Watch
AC00374,18,Student,"Under 25",1561.58,206.20,1879.82,1149.22,76.77,6,3,1,0,1,1,0,70,30,At-Risk
AC00375,42,Engineer,36-50,8947.15,6266.65,6266.65,-531.06,5.29,3,1,0,1,0,0,0,20,80,Healthy
AC00376,25,Student,25-35,5243.91,677.79,5427.81,4750.02,11.93,3,1,0,0,0,1,0,15,85,Healthy
AC00377,39,Engineer,36-50,3897.25,1052.31,1423.20,-3842.68,30.50,4,2,0,1,0,1,0,35,65,Watch
AC00378,71,Retired,"Above 65",3079.17,602.36,4750.96,345.68,60.06,6,2,0,0,1,1,0,40,60,Watch
AC00379,26,Student,25-35,1870.69,441.54,3299.84,2858.30,0.48,2,2,1,0,0,1,0,45,55,Watch
AC00380,64,Retired,51-65,4189.55,817.83,1619.54,-3323.62,4.41,6,2,0,1,0,1,0,35,65,Watch
AC00381,64,Retired,51-65,4714.42,2000.60,2000.60,-173.56,18.89,3,2,0,1,0,1,0,35,65,Watch
AC00382,64,Doctor,51-65,3778.42,797.10,797.10,-932.16,49.61,6,2,0,1,0,1,0,35,65,Watch
AC00383,53,Retired,51-65,2026.93,731.52,1475.46,-2727.59,27.38,4,2,0,1,0,1,0,35,65,Watch
AC00384,56,Doctor,51-65,4298.83,120.89,1769.06,1648.17,32.18,7,1,0,0,0,1,0,15,85,Healthy
AC00385,55,Doctor,51-65,2371.36,263.98,1171.98,150.10,155.02,7,2,0,0,1,1,0,40,60,Watch
AC00386,62,Retired,51-65,3628.62,620.83,5897.29,3597.65,48.05,8,2,0,0,0,1,1,25,75,Healthy
AC00387,67,Doctor,"Above 65",8244.94,7375.59,7375.59,-1561.76,4.29,3,1,0,1,0,0,0,20,80,Healthy
AC00388,18,Student,"Under 25",1244.13,546.46,1941.80,1395.34,102.85,2,2,1,0,1,0,0,55,45,At-Risk
AC00389,65,Retired,51-65,4131.94,2611.64,5237.12,2625.48,13.49,3,0,0,0,0,0,0,0,100,Healthy
AC00390,44,Doctor,36-50,4912.30,535.15,535.15,-1236.91,9.85,7,2,0,1,0,1,0,35,65,Watch
AC00391,76,Retired,"Above 65",4006.45,2523.83,2523.83,-1098.15,11.48,3,1,0,1,0,0,0,20,80,Healthy
AC00392,24,Student,"Under 25",2030.69,1620.02,2810.37,1190.35,18.21,3,0,0,0,0,0,0,0,100,Healthy
AC00393,78,Retired,"Above 65",2569.14,173.70,1081.97,-3920.73,39.74,8,3,0,1,0,1,1,45,55,Watch
AC00394,53,Retired,51-65,2488.42,791.46,4159.33,2618.46,45.33,7,1,0,0,0,1,0,15,85,Healthy
AC00395,24,Student,"Under 25",1523.45,977.01,977.01,-210.03,25.71,3,2,1,1,0,0,0,50,50,Watch
AC00396,22,Student,"Under 25",5083.67,664.93,1670.72,1005.79,57.84,8,3,0,0,1,1,1,50,50,Watch
AC00397,20,Student,"Under 25",4550.38,420.65,6077.96,4386.08,38.26,7,1,0,0,0,1,0,15,85,Healthy
AC00398,68,Doctor,"Above 65",4951.16,167.72,3984.38,-7721.50,57.77,7,3,0,1,1,1,0,60,40,At-Risk
AC00399,25,Student,25-35,5699.27,835.53,10235.19,9399.66,19.73,5,1,0,0,0,1,0,15,85,Healthy
AC00400,23,Student,"Under 25",4708.20,1278.00,1400.04,122.04,8.25,5,0,0,0,0,0,0,0,100,Healthy
AC00401,79,Retired,"Above 65",7084.89,4102.23,7458.63,2801.69,20.29,6,0,0,0,0,0,0,0,100,Healthy
AC00402,31,Doctor,25-35,5179.31,2525.25,2631.47,-4567.33,19.00,4,1,0,1,0,0,0,20,80,Healthy
AC00403,69,Retired,"Above 65",5085.89,1764.08,10668.24,8057.60,11.51,8,2,0,0,0,1,1,25,75,Healthy
AC00404,68,Doctor,"Above 65",5045.04,900.61,900.61,-9378.14,6.93,4,2,0,1,0,1,0,35,65,Watch
AC00405,70,Retired,"Above 65",5206.64,1019.39,6810.05,4826.40,42.32,6,1,0,0,0,1,0,15,85,Healthy
AC00406,38,Engineer,36-50,552.52,552.52,552.52,0.00,33.25,1,1,1,0,0,0,0,30,70,Watch
AC00407,23,Student,"Under 25",4593.85,168.84,8602.22,4127.00,59.17,7,2,0,0,1,1,0,40,60,Watch
AC00408,60,Retired,51-65,3399.93,2649.23,2649.23,-1501.40,16.36,2,1,0,1,0,0,0,20,80,Healthy
AC00409,72,Retired,"Above 65",7095.98,2610.67,2610.67,-329.37,17.46,5,2,0,1,0,1,0,35,65,Watch
AC00410,24,Student,"Under 25",4947.50,642.00,6280.66,5638.66,28.46,5,1,0,0,0,1,0,15,85,Healthy
AC00411,80,Retired,"Above 65",6963.80,1765.45,12221.17,6217.58,24.00,6,1,0,0,0,1,0,15,85,Healthy
AC00412,34,Doctor,25-35,5227.57,136.77,8994.39,-2510.96,20.54,4,2,0,1,0,1,0,35,65,Watch
AC00413,21,Student,"Under 25",5580.67,368.78,5670.82,5302.04,25.82,4,1,0,0,0,1,0,15,85,Healthy
AC00414,26,Student,25-35,2148.74,1593.03,1593.03,-185.72,21.26,3,1,0,1,0,0,0,20,80,Healthy
AC00415,69,Doctor,"Above 65",8524.63,4792.01,8709.77,-3362.34,1.27,3,1,0,1,0,0,0,20,80,Healthy
AC00416,26,Engineer,25-35,6481.46,2712.96,2712.96,-2874.48,34.85,5,2,0,1,0,1,0,35,65,Watch
AC00417,63,Doctor,51-65,5679.46,3290.72,3876.61,-4068.96,12.69,5,1,0,1,0,0,0,20,80,Healthy
AC00418,76,Retired,"Above 65",4995.45,1034.35,4815.11,106.82,28.78,6,1,0,0,0,1,0,15,85,Healthy
AC00419,29,Engineer,25-35,6613.10,4477.78,6366.84,-2627.83,8.41,3,1,0,1,0,0,0,20,80,Healthy
AC00420,25,Student,25-35,3821.85,1040.43,2158.59,1118.16,28.36,4,1,0,0,0,1,0,15,85,Healthy
AC00421,20,Student,"Under 25",2268.20,1152.20,1328.73,176.53,14.48,3,0,0,0,0,0,0,0,100,Healthy
AC00422,22,Student,"Under 25",5097.97,327.68,6173.23,5845.55,9.66,4,1,0,0,0,1,0,15,85,Healthy
AC00423,75,Retired,"Above 65",5645.85,314.28,447.82,-2312.55,53.81,6,3,0,1,1,1,0,60,40,At-Risk
AC00424,46,Engineer,36-50,6675.39,3548.02,5711.71,-2645.17,14.23,5,1,0,1,0,0,0,20,80,Healthy
AC00425,29,Engineer,25-35,3145.41,1143.52,6651.62,5508.10,79.07,7,2,0,0,1,1,0,40,60,Watch
AC00426,24,Student,"Under 25",2463.48,912.71,983.68,-607.20,60.65,6,3,0,1,1,1,0,60,40,At-Risk
AC00427,22,Student,"Under 25",3967.52,370.81,370.81,-2992.42,57.45,9,4,0,1,1,1,1,70,30,At-Risk
AC00428,23,Student,"Under 25",3608.56,791.97,8640.56,7848.59,47.88,3,1,0,0,0,1,0,15,85,Healthy
AC00429,43,Engineer,36-50,10324.61,7574.45,8616.05,1041.60,2.71,3,0,0,0,0,0,0,0,100,Healthy
AC00430,18,Student,"Under 25",5810.46,511.37,751.09,239.72,22.12,7,1,0,0,0,1,0,15,85,Healthy
AC00431,51,Doctor,51-65,6754.11,420.25,14466.38,1926.20,13.32,7,1,0,0,0,1,0,15,85,Healthy
AC00432,75,Retired,"Above 65",2751.13,296.47,296.47,-1756.37,17.39,7,2,0,1,0,1,0,35,65,Watch
AC00433,40,Engineer,36-50,4376.83,1830.98,9009.42,6719.32,38.78,3,1,0,0,0,1,0,15,85,Healthy
AC00434,54,Retired,51-65,5989.08,928.33,8926.38,3849.32,30.04,7,1,0,0,0,1,0,15,85,Healthy
AC00435,22,Student,"Under 25",4749.30,1839.10,7659.50,5820.40,9.05,2,0,0,0,0,0,0,0,100,Healthy
AC00436,52,Retired,51-65,8505.57,5209.16,9588.07,4187.63,8.54,5,0,0,0,0,0,0,0,100,Healthy
AC00437,79,Retired,"Above 65",3032.89,791.65,1719.97,-3911.23,30.41,4,2,0,1,0,1,0,35,65,Watch
AC00438,58,Doctor,51-65,7599.81,202.69,8019.89,-4864.02,17.32,8,3,0,1,0,1,1,45,55,Watch
AC00439,25,Student,25-35,5329.82,781.70,5018.67,3087.01,68.44,9,3,0,0,1,1,1,50,50,Watch
AC00440,59,Doctor,51-65,7328.52,7328.52,7328.52,0.00,2.75,1,0,0,0,0,0,0,0,100,Healthy
AC00441,75,Retired,"Above 65",2533.62,673.35,693.40,-2435.31,22.30,6,2,0,1,0,1,0,35,65,Watch
AC00442,76,Retired,"Above 65",4952.46,754.21,1242.49,-3666.75,32.82,9,3,0,1,0,1,1,45,55,Watch
AC00443,36,Engineer,36-50,8000.09,5615.26,11833.73,6218.47,28.58,4,0,0,0,0,0,0,0,100,Healthy
AC00444,65,Retired,51-65,5696.06,290.59,10216.25,6271.43,5.95,4,1,0,0,0,1,0,15,85,Healthy
AC00445,19,Student,"Under 25",2845.40,229.02,1533.32,1304.30,40.67,5,1,0,0,0,1,0,15,85,Healthy
AC00446,68,Retired,"Above 65",4029.40,1059.62,5169.07,158.76,20.96,5,0,0,0,0,0,0,0,100,Healthy
AC00447,36,Doctor,36-50,4753.37,1677.01,6412.85,4735.84,13.32,4,0,0,0,0,0,0,0,100,Healthy
AC00448,54,Retired,51-65,5047.37,137.42,3641.06,-38.58,5.53,7,2,0,1,0,1,0,35,65,Watch
AC00449,52,Doctor,51-65,6022.85,580.66,1400.04,-8262.84,7.55,5,2,0,1,0,1,0,35,65,Watch
AC00450,28,Student,25-35,5345.14,899.52,8359.50,7459.98,17.23,3,0,0,0,0,0,0,0,100,Healthy
AC00451,27,Student,25-35,4897.70,192.63,14611.90,14419.27,7.90,5,1,0,0,0,1,0,15,85,Healthy
AC00452,57,Doctor,51-65,7546.72,544.56,6683.31,-7049.50,7.86,7,2,0,1,0,1,0,35,65,Watch
AC00453,72,Retired,"Above 65",5334.75,369.79,8639.36,3889.82,42.37,9,2,0,0,0,1,1,25,75,Healthy
AC00454,20,Student,"Under 25",2173.08,220.51,323.69,103.18,17.41,4,1,0,0,0,1,0,15,85,Healthy
AC00455,21,Student,"Under 25",5543.70,300.87,8726.92,8020.48,38.46,7,1,0,0,0,1,0,15,85,Healthy
AC00456,20,Student,"Under 25",4777.49,207.74,6229.36,4846.56,27.38,11,2,0,0,0,1,1,25,75,Healthy
AC00457,26,Engineer,25-35,6303.89,2531.24,5878.89,3347.65,12.45,3,0,0,0,0,0,0,0,100,Healthy
AC00458,46,Engineer,36-50,6175.63,330.16,14409.74,6555.64,17.67,7,1,0,0,0,1,0,15,85,Healthy
AC00459,21,Student,"Under 25",6053.54,1528.81,10887.59,9358.78,9.89,7,1,0,0,0,1,0,15,85,Healthy
AC00460,41,Doctor,36-50,4887.10,106.86,2207.54,-10364.22,81.84,12,4,0,1,1,1,1,70,30,At-Risk
AC00461,60,Engineer,51-65,3679.29,1532.72,5839.38,2173.61,10.49,3,0,0,0,0,0,0,0,100,Healthy
AC00462,24,Student,"Under 25",2237.12,416.89,921.91,336.39,13.84,6,1,0,0,0,1,0,15,85,Healthy
AC00463,53,Doctor,51-65,9311.22,5061.30,14798.10,4805.74,4.22,4,0,0,0,0,0,0,0,100,Healthy
AC00464,27,Engineer,25-35,6215.84,1058.13,13899.24,4480.38,33.61,8,2,0,0,0,1,1,25,75,Healthy
AC00465,30,Doctor,25-35,7120.51,319.18,1185.43,-6151.13,17.88,8,3,0,1,0,1,1,45,55,Watch
AC00466,21,Student,"Under 25",5042.24,694.03,11146.74,10452.71,25.66,4,1,0,0,0,1,0,15,85,Healthy
AC00467,55,Engineer,51-65,7243.65,1433.66,11726.47,3155.65,10.29,3,0,0,0,0,0,0,0,100,Healthy
AC00468,28,Engineer,25-35,7363.93,2797.26,8478.46,5681.20,5.79,4,0,0,0,0,0,0,0,100,Healthy
AC00469,41,Engineer,36-50,7513.79,7513.79,7513.79,0.00,0.87,1,0,0,0,0,0,0,0,100,Healthy
AC00470,26,Engineer,25-35,5462.84,985.77,985.77,-5623.53,17.59,4,2,0,1,0,1,0,35,65,Watch
AC00471,41,Engineer,36-50,7503.03,369.86,14365.18,4813.54,21.67,6,1,0,0,0,1,0,15,85,Healthy
AC00472,28,Student,25-35,1926.08,1926.08,1926.08,0.00,30.55,1,1,1,0,0,0,0,30,70,Watch
AC00473,40,Engineer,36-50,222.22,222.22,222.22,0.00,25.72,1,1,1,0,0,0,0,30,70,Watch
AC00474,45,Doctor,36-50,7029.97,4466.10,4466.10,-5332.16,16.03,3,1,0,1,0,0,0,20,80,Healthy
AC00475,75,Retired,"Above 65",2139.37,1061.69,1061.96,-3967.91,36.42,8,3,0,1,0,1,1,45,55,Watch
AC00476,59,Engineer,51-65,2757.23,2757.23,2757.23,0.00,18.38,1,0,0,0,0,0,0,0,100,Healthy
AC00477,41,Doctor,36-50,5769.36,1726.40,1726.40,-9196.38,17.66,3,2,0,1,0,1,0,35,65,Watch
AC00478,57,Retired,51-65,5016.68,643.64,643.64,-5419.30,42.42,7,1,0,1,0,0,0,20,80,Healthy
AC00479,19,Student,"Under 25",6767.74,1146.78,8839.67,3255.79,7.54,4,1,0,0,0,1,0,15,85,Healthy
AC00480,38,Doctor,36-50,6048.87,1038.91,7752.14,-6462.34,53.88,11,4,0,1,1,1,1,70,30,At-Risk
AC00481,32,Doctor,25-35,8325.45,4444.95,10585.48,-2311.20,7.24,4,1,0,1,0,0,0,20,80,Healthy
AC00482,51,Engineer,51-65,4463.38,1983.00,6972.50,1788.65,32.26,6,0,0,0,0,0,0,0,100,Healthy
AC00483,41,Doctor,36-50,7497.58,566.83,566.83,-13804.25,21.42,4,2,0,1,0,1,0,35,65,Watch
AC00485,42,Engineer,36-50,3974.14,792.33,792.33,-6363.62,15.54,2,2,0,1,0,1,0,35,65,Watch
AC00486,37,Engineer,36-50,6857.20,6857.20,6857.20,0.00,4.12,1,0,0,0,0,0,0,0,100,Healthy
AC00487,25,Student,25-35,2075.69,193.80,6095.65,5901.85,17.99,4,1,0,0,0,1,0,15,85,Healthy
AC00488,38,Engineer,36-50,4945.97,481.13,481.13,-7341.60,0.70,4,2,0,1,0,1,0,35,65,Watch
AC00489,62,Retired,51-65,9673.44,7392.79,9100.81,1708.02,3.89,3,0,0,0,0,0,0,0,100,Healthy
AC00490,78,Retired,"Above 65",4401.54,344.07,13267.09,11350.75,11.82,5,1,0,0,0,1,0,15,85,Healthy
AC00491,57,Retired,51-65,7739.54,7739.54,7739.54,0.00,0.49,1,0,0,0,0,0,0,0,100,Healthy
AC00492,33,Engineer,25-35,6947.10,2051.37,6941.47,-2963.76,8.76,5,1,0,1,0,0,0,20,80,Healthy
AC00493,34,Engineer,25-35,5214.97,443.62,443.62,-6573.37,11.37,5,2,0,1,0,1,0,35,65,Watch
AC00494,22,Student,"Under 25",1715.28,569.25,3677.63,2562.33,25.62,4,2,1,0,0,1,0,45,55,Watch
AC00495,27,Student,25-35,2709.59,160.57,5894.09,4260.33,88.79,8,3,0,0,1,1,1,50,50,Watch
AC00496,30,Engineer,25-35,6437.01,339.16,14395.88,9819.90,9.26,3,1,0,0,0,1,0,15,85,Healthy
AC00497,63,Retired,51-65,5153.62,910.26,7860.65,6754.31,18.39,6,1,0,0,0,1,0,15,85,Healthy
AC00498,34,Engineer,25-35,4545.00,352.31,5688.37,2718.66,47.23,8,2,0,0,0,1,1,25,75,Healthy
AC00499,23,Student,"Under 25",4450.58,842.94,6012.67,-396.13,41.79,7,2,0,1,0,1,0,35,65,Watch
AC00500,51,Doctor,51-65,7947.58,620.28,14852.42,399.07,3.67,4,1,0,0,0,1,0,15,85,Healthy
