AccountID,CustomerAge,CustomerOccupation,age_group,avg_balance,min_balance,closing_balance,opening_balance,balance_direction,balance_range,spend_intensity,debit_credit_ratio,net_cashflow,total_transactions,credit_count,active_months,low_balance_flag,balance_declining_flag,high_spend_intensity_flag,high_volatility_flag,high_frequency_flag,total_stress_flags
AC00001,25,Student,25-35,2915.16,1649.92,4180.40,1649.92,2530.48,2530.48,8.94,99.99,-260.76,2,0,2,0,0,0,0,0,0
AC00002,23,Student,"Under 25",4480.42,1154.48,1305.06,1154.48,150.58,6061.82,34.37,2.98,-1023.27,7,1,6,0,0,0,0,0,0
AC00003,77,Retired,"Above 65",7329.57,1688.90,1688.90,3869.37,-2180.47,11797.25,11.59,2.04,-433.10,5,1,4,0,1,0,1,0,2
AC00004,43,Engineer,36-50,3340.96,1019.46,1153.84,1019.46,134.38,7345.91,62.28,20.97,-1981.58,9,1,7,0,0,1,1,1,3
AC00005,64,Retired,51-65,4457.84,572.97,591.23,7104.83,-6513.60,7984.35,60.88,6.50,-2296.17,9,1,6,0,1,1,1,1,4
AC00006,33,Doctor,25-35,2051.26,420.67,1490.34,5401.21,-3910.87,4980.54,41.17,4.88,-671.46,4,1,4,0,1,0,1,0,2
AC00007,22,Student,"Under 25",7428.59,634.17,14273.42,634.17,13639.25,13639.25,20.13,99.99,-1495.38,5,0,4,0,0,0,1,0,1
AC00008,23,Student,"Under 25",1072.25,1072.25,1072.25,1072.25,0.00,0.00,7.10,99.99,-76.16,1,0,1,1,0,0,0,0,1
AC00009,24,Student,"Under 25",2929.93,131.25,2409.73,131.25,2278.48,5659.30,5.54,0.20,659.62,5,3,4,0,0,0,1,0,1
AC00010,25,Student,25-35,5618.32,225.53,5956.89,225.53,5731.36,14350.94,39.62,4.10,-1682.97,7,2,5,0,0,0,1,0,1
AC00011,52,Doctor,51-65,2679.10,201.04,874.93,10427.00,-9552.07,10225.96,65.32,2.54,-1061.54,7,1,6,0,1,1,1,0,3
AC00012,67,Retired,"Above 65",4145.02,1161.84,3966.54,1267.72,2698.82,9616.51,47.60,20.81,-1878.14,6,1,5,0,0,0,1,0,1
AC00013,72,Retired,"Above 65",4462.63,416.37,7299.86,3641.07,3658.79,9232.23,33.46,10.81,-1355.06,8,1,6,0,0,0,1,1,2
AC00014,19,Student,"Under 25",6524.00,392.34,6356.96,690.52,5666.44,14118.46,41.50,6.34,-2280.28,9,1,7,0,0,0,1,1,2
AC00015,61,Doctor,51-65,3903.65,1181.84,1541.48,11613.58,-10072.10,10431.74,28.12,21.57,-1046.94,4,1,3,0,1,0,1,0,2
AC00016,53,Doctor,51-65,3985.80,164.12,164.12,185.87,-21.75,8689.81,55.09,28.79,-2119.43,6,2,4,0,1,1,1,0,3
AC00017,32,Engineer,25-35,3273.47,477.03,7235.87,6494.25,741.62,6758.84,32.79,17.86,-1013.23,5,1,5,0,0,0,1,0,1
AC00018,26,Student,25-35,8086.32,1821.00,9383.43,1821.00,7562.43,11233.54,19.29,15.83,-1461.59,3,1,3,0,0,0,0,0,0
AC00019,57,Retired,51-65,4981.91,1122.35,1122.35,7142.53,-6020.18,6020.18,18.21,22.05,-865.93,4,1,4,0,1,0,0,0,1
AC00020,25,Student,25-35,3833.63,117.98,9951.68,219.53,9732.15,9833.70,89.43,9.53,-3068.71,9,1,8,0,0,1,1,1,3
AC00021,71,Retired,"Above 65",3631.39,207.10,6242.03,6996.35,-754.32,8224.13,44.70,0.61,1017.10,8,4,6,0,1,0,1,1,3
AC00022,44,Doctor,36-50,6334.74,1592.94,3498.58,14676.05,-11177.47,13083.11,9.59,3.62,-439.68,4,1,4,0,1,0,1,0,2
AC00023,40,Engineer,36-50,3662.55,399.57,2791.12,7616.43,-4825.31,7216.86,27.22,3.91,-741.90,6,1,5,0,1,0,1,0,2
AC00024,53,Engineer,51-65,3440.03,680.55,708.74,5621.86,-4913.12,4941.31,4.48,0.12,1118.60,5,3,4,0,1,0,0,0,1
AC00025,74,Retired,"Above 65",6009.84,4639.04,7380.63,4639.04,2741.59,2741.59,1.09,0.19,284.85,2,1,2,0,0,0,0,0,0
AC00026,26,Student,25-35,4629.85,1236.38,1236.38,1671.66,-435.28,6221.65,8.82,0.75,135.19,6,3,5,0,1,0,0,0,1
AC00027,63,Doctor,51-65,9518.50,6381.60,6381.60,13587.52,-7205.92,7205.92,2.95,1.01,-3.50,3,1,2,0,1,0,0,0,1
AC00028,20,Student,"Under 25",1610.47,1379.39,1588.31,1379.39,208.92,484.31,134.75,99.99,-2170.17,3,0,3,1,0,1,0,0,2
AC00029,31,Engineer,25-35,6264.86,325.15,325.15,7581.70,-7256.55,14064.30,23.15,2.95,-959.04,6,2,5,0,1,0,1,0,2
AC00030,51,Engineer,51-65,5498.29,868.35,868.35,9200.74,-8332.39,8332.39,29.75,1.23,-301.92,9,3,6,0,1,0,1,1,3
AC00032,70,Retired,"Above 65",3675.57,105.01,9724.49,1477.63,8246.86,9619.48,67.39,2.73,-1569.52,9,3,6,0,0,1,1,1,3
AC00033,26,Student,25-35,3460.89,719.52,8253.52,1476.91,6776.61,7534.00,26.03,99.99,-900.99,6,0,5,0,0,0,1,0,1
AC00034,27,Student,25-35,2910.24,746.47,7949.03,746.47,7202.56,7202.56,34.63,99.99,-1007.90,4,0,3,0,0,0,1,0,1
AC00035,26,Student,25-35,6841.31,787.74,7626.53,787.74,6838.79,14147.76,7.44,0.31,1133.01,9,5,6,0,0,0,1,1,2
AC00036,59,Engineer,51-65,6564.38,1674.94,14464.30,9267.32,5196.98,12789.36,22.51,11.30,-1346.80,5,2,4,0,0,0,1,0,1
AC00037,73,Retired,"Above 65",7725.10,6372.58,9077.62,6372.58,2705.04,2705.04,3.28,99.99,-253.25,2,0,1,0,0,0,0,0,0
AC00038,67,Doctor,"Above 65",990.74,990.74,990.74,990.74,0.00,0.00,30.46,99.99,-301.73,1,0,1,1,0,0,0,0,1
AC00039,53,Doctor,51-65,3446.30,271.78,271.78,634.16,-362.38,7665.13,38.56,1.68,-536.96,7,3,6,0,1,0,1,0,2
AC00040,67,Doctor,"Above 65",5260.77,167.28,765.81,9598.43,-8832.62,9431.15,32.09,1.36,-450.45,5,1,5,0,1,0,1,0,2
AC00041,60,Engineer,51-65,3217.40,129.29,3484.32,5729.10,-2244.78,6907.43,35.50,152.50,-1134.70,7,1,6,0,1,0,1,0,2
AC00042,71,Retired,"Above 65",2019.30,707.25,707.25,4710.21,-4002.96,4002.96,41.23,3.76,-611.06,5,1,5,0,1,0,1,0,2
AC00043,60,Retired,51-65,6327.02,3075.97,9127.65,3075.97,6051.68,6051.68,31.84,99.99,-2014.75,4,0,4,0,0,0,0,0,0
AC00044,52,Doctor,51-65,7707.96,7707.96,7707.96,7707.96,0.00,0.00,6.32,99.99,-487.32,1,0,1,0,0,0,0,0,0
AC00045,67,Retired,"Above 65",4162.49,364.72,364.72,2011.60,-1646.88,8794.84,33.43,3.07,-938.10,5,2,5,0,1,0,1,0,2
AC00046,20,Student,"Under 25",4855.71,533.20,5141.32,533.20,4608.12,8359.42,22.03,99.99,-1069.95,3,0,3,0,0,0,1,0,1
AC00047,25,Student,25-35,6822.08,293.24,13542.41,293.24,13249.17,13249.17,19.52,4.75,-1051.06,4,1,4,0,0,0,1,0,1
AC00048,25,Student,25-35,6138.25,423.64,6949.21,423.64,6525.57,10618.26,26.10,99.99,-1602.27,3,0,3,0,0,0,1,0,1
AC00049,60,Engineer,51-65,6420.02,3806.16,9033.87,3806.16,5227.71,5227.71,17.35,99.99,-1113.77,2,0,1,0,0,0,0,0,0
AC00050,29,Engineer,25-35,2506.36,290.24,558.99,2756.20,-2197.21,7016.55,26.12,1.79,-289.88,5,2,5,0,1,0,1,0,2
AC00051,26,Student,25-35,2963.52,224.65,1081.79,1128.38,-46.59,9194.62,32.03,99.99,-949.20,4,0,4,0,1,0,1,0,2
AC00052,35,Doctor,25-35,11790.66,6628.75,6628.75,14563.02,-7934.27,7934.27,3.57,123.11,-417.63,3,1,3,0,1,0,0,0,1
AC00053,30,Doctor,25-35,6333.70,303.68,7645.47,10679.67,-3034.20,11756.17,8.39,3.10,-360.07,7,3,5,0,1,0,1,0,2
AC00054,31,Doctor,25-35,8343.47,409.26,13185.39,6043.25,7142.14,13446.92,19.52,13.26,-1506.07,9,1,6,0,0,0,1,1,2
AC00055,39,Engineer,36-50,2345.77,918.88,1444.75,1381.28,63.47,5944.18,40.12,99.99,-941.11,5,0,4,0,0,0,1,0,1
AC00056,59,Engineer,51-65,3311.98,411.78,411.78,3034.67,-2622.89,7071.23,11.64,3.41,-272.46,6,3,5,0,1,0,1,0,2
AC00057,32,Engineer,25-35,2884.13,811.86,7139.11,2587.11,4552.00,6327.25,11.45,0.41,466.94,5,2,4,0,0,0,1,0,1
AC00058,50,Engineer,36-50,6184.52,438.75,13374.89,438.75,12936.14,12936.14,27.80,99.99,-1719.58,7,0,4,0,0,0,1,0,1
AC00059,34,Doctor,25-35,5450.70,692.69,7047.04,5577.94,1469.10,7792.45,9.85,9.59,-481.01,4,1,3,0,0,0,0,0,0
AC00060,59,Doctor,51-65,8073.03,1602.13,1602.13,13696.61,-12094.48,12094.48,18.31,19.91,-1404.18,4,1,3,0,1,0,0,0,1
AC00061,32,Engineer,25-35,4894.17,3466.74,3466.74,6590.28,-3123.54,3418.42,19.56,99.99,-957.06,5,0,5,0,1,0,0,0,1
AC00062,21,Student,"Under 25",4016.10,232.56,6921.48,232.56,6688.92,6688.92,17.18,99.99,-689.82,3,0,2,0,0,0,1,0,1
AC00063,25,Student,25-35,6064.07,1429.61,12154.66,1846.85,10307.81,10725.05,38.24,2.65,-1445.42,10,1,8,0,0,0,1,1,2
AC00064,51,Retired,51-65,6635.09,3051.29,4026.03,3051.29,974.74,6742.97,21.27,99.99,-1411.05,4,0,4,0,0,0,0,0,0
AC00065,26,Student,25-35,5017.59,250.93,7447.10,250.93,7196.17,9465.75,13.94,1.75,-299.17,5,2,4,0,0,0,1,0,1
AC00066,69,Doctor,"Above 65",4661.94,1100.64,1100.64,7273.55,-6172.91,6172.91,18.51,99.99,-863.07,4,0,4,0,1,0,0,0,1
AC00067,30,Doctor,25-35,6148.92,1258.93,6851.16,11320.83,-4469.67,10470.58,52.44,99.99,-3224.38,7,0,6,0,1,1,1,0,3
AC00068,26,Student,25-35,3794.69,914.28,1829.90,914.28,915.62,9063.21,69.62,99.99,-2641.99,4,0,3,0,0,1,1,0,2
AC00069,44,Doctor,36-50,6979.10,287.46,287.46,10517.47,-10230.01,13676.85,17.29,2.94,-795.98,7,3,5,0,1,0,1,0,2
AC00070,73,Retired,"Above 65",5023.31,524.46,7371.85,3037.97,4333.88,8457.15,17.95,0.91,88.57,8,2,7,0,0,0,1,1,2
AC00071,22,Student,"Under 25",1760.05,319.04,1483.84,514.88,968.96,3685.31,189.36,4.65,-2615.40,8,1,7,1,0,1,1,1,4
AC00072,21,Student,"Under 25",5915.93,1329.41,7361.47,1329.41,6032.06,7190.67,13.32,1.57,-286.42,4,1,4,0,0,0,0,0,0
AC00073,58,Doctor,51-65,6266.72,1508.72,1968.36,1508.72,459.64,11827.43,29.28,99.99,-1834.82,5,0,4,0,0,0,1,0,1
AC00074,66,Retired,"Above 65",5596.88,1959.52,1959.52,6530.59,-4571.07,6341.02,7.10,99.99,-397.10,3,0,3,0,1,0,0,0,1
AC00075,77,Retired,"Above 65",5046.53,1029.09,13779.97,7932.41,5847.56,12750.88,18.72,6.41,-797.15,5,2,5,0,0,0,1,0,1
AC00076,35,Doctor,25-35,4514.39,1389.89,1389.89,13475.14,-12085.25,12085.25,28.66,3.53,-927.18,7,1,5,0,1,0,1,0,2
AC00077,27,Engineer,25-35,5078.52,1802.77,6847.47,5424.60,1422.87,10698.03,31.99,12.35,-1493.22,6,2,4,0,0,0,1,0,1
AC00078,56,Retired,51-65,4800.70,836.69,7591.13,6239.89,1351.24,6754.44,28.25,0.86,224.64,6,2,6,0,0,0,0,0,0
AC00079,18,Student,"Under 25",8332.32,5976.00,9323.71,5976.00,3347.71,4572.58,1.62,0.36,244.70,5,3,4,0,0,0,0,0,0
AC00080,55,Retired,51-65,4599.39,1084.65,3493.13,2420.86,1072.27,8855.29,48.67,99.99,-2238.37,6,0,6,0,0,0,1,0,1
AC00081,22,Student,"Under 25",833.00,187.65,1381.75,187.65,1194.10,1194.10,35.05,0.93,23.41,3,1,2,1,0,0,0,0,1
AC00082,58,Retired,51-65,2743.05,825.69,825.69,6020.85,-5195.16,5195.16,25.66,38.81,-685.80,3,1,3,0,1,0,1,0,2
AC00083,26,Student,25-35,3086.28,528.38,3012.31,6430.86,-3418.55,5902.48,76.93,6.26,-1995.16,6,2,6,0,1,1,1,0,3
AC00084,78,Retired,"Above 65",5090.40,2619.46,2619.46,7561.33,-4941.87,4941.87,9.86,99.99,-502.03,2,0,2,0,1,0,0,0,1
AC00085,18,Student,"Under 25",3256.92,299.93,1092.92,299.93,792.99,8046.71,41.97,4.16,-1038.17,6,1,5,0,0,0,1,0,1
AC00086,24,Student,"Under 25",3770.92,422.32,2061.61,1149.74,911.87,11726.00,78.17,12.16,-2705.17,7,3,4,0,0,1,1,0,2
AC00087,46,Engineer,36-50,5808.11,425.77,13084.27,8045.77,5038.50,12658.50,31.72,99.99,-1842.47,9,0,7,0,0,0,1,1,2
AC00088,36,Doctor,36-50,1355.87,1050.63,1661.10,1050.63,610.47,610.47,37.88,99.99,-513.54,2,0,1,1,0,0,0,0,1
AC00089,45,Engineer,36-50,5283.81,1220.86,1220.86,4381.24,-3160.38,13189.58,12.18,1.15,-85.70,5,1,4,0,1,0,1,0,2
AC00090,60,Engineer,51-65,5545.66,865.49,1519.38,9877.17,-8357.79,11069.65,31.39,2.07,-901.31,9,1,6,0,1,0,1,1,3
AC00091,59,Retired,51-65,7123.26,6393.12,7872.04,7104.61,767.43,1478.92,15.12,99.99,-1077.01,3,0,3,0,0,0,0,0,0
AC00092,51,Retired,51-65,6780.38,3475.99,6323.45,6854.61,-531.16,9913.17,27.72,4.29,-1441.26,8,2,6,0,1,0,0,1,2
AC00093,36,Engineer,36-50,4057.85,162.53,5897.73,9800.21,-3902.48,11462.40,62.65,4.08,-1919.09,9,2,5,0,1,1,1,1,4
AC00094,37,Engineer,36-50,4518.32,743.90,5403.79,2735.84,2667.95,8445.86,4.26,6.07,-160.62,4,1,4,0,0,0,1,0,1
AC00095,63,Doctor,51-65,6626.55,3382.91,7567.20,8198.00,-630.80,6512.19,28.49,1.46,-593.93,8,3,7,0,1,0,0,1,2
AC00096,23,Student,"Under 25",3377.30,651.84,2156.54,651.84,1504.70,6671.69,26.12,99.99,-882.30,3,0,2,0,0,0,1,0,1
AC00097,30,Doctor,25-35,4684.80,636.42,636.42,11584.32,-10947.90,10947.90,5.59,99.99,-261.72,3,0,3,0,1,0,1,0,2
AC00098,46,Engineer,36-50,7159.09,3956.69,5103.67,3956.69,1146.98,6499.55,9.76,0.28,1815.29,5,2,4,0,0,0,0,0,0
AC00099,61,Retired,51-65,6798.96,5726.20,9840.04,5838.91,4001.13,4113.84,30.20,4.48,-1595.22,4,2,2,0,0,0,0,0,0
AC00100,53,Doctor,51-65,5941.21,2197.12,2197.12,8400.87,-6203.75,6203.75,7.53,99.99,-447.33,3,0,3,0,1,0,0,0,1
AC00101,41,Engineer,36-50,9256.11,6870.84,6870.84,7927.27,-1056.43,6099.37,0.00,0.00,299.90,3,3,3,0,1,0,0,0,1
AC00102,18,Student,"Under 25",2944.04,475.63,2037.75,475.63,1562.12,4467.86,28.08,99.99,-826.62,5,0,4,0,0,0,1,0,1
AC00103,23,Student,"Under 25",3225.65,1025.99,1025.99,1598.63,-572.64,4442.59,51.69,3.49,-1189.92,5,1,4,0,1,1,0,0,2
AC00104,54,Engineer,51-65,1230.12,1230.12,1230.12,1230.12,0.00,0.00,22.37,99.99,-275.20,1,0,1,1,0,0,0,0,1
AC00105,53,Retired,51-65,4890.05,1968.51,6229.13,6472.50,-243.37,4503.99,5.31,2.12,-137.12,3,1,2,0,1,0,0,0,1
AC00106,24,Student,"Under 25",3476.03,944.83,6009.43,1806.16,4203.27,5641.36,38.76,1.88,-630.32,6,1,6,0,0,0,1,0,1
AC00107,29,Engineer,25-35,3541.56,1238.11,1238.11,2091.78,-853.67,8141.61,79.94,19.00,-2682.28,5,1,4,0,1,1,1,0,3
AC00108,19,Student,"Under 25",2645.56,373.88,421.44,868.91,-447.47,8021.97,63.75,7.22,-1452.88,6,1,5,0,1,1,1,0,3
AC00109,27,Engineer,25-35,7460.47,7125.15,7125.15,7795.79,-670.64,670.64,0.39,0.07,360.48,2,1,2,0,1,0,0,0,1
AC00110,73,Retired,"Above 65",6877.30,363.92,9847.60,6501.56,3346.04,11202.05,33.06,9.72,-2039.93,8,1,5,0,0,0,1,1,2
AC00111,41,Engineer,36-50,7752.75,269.78,6697.79,7192.45,-494.66,14060.69,25.77,1.86,-923.91,7,2,6,0,1,0,1,0,2
AC00112,49,Doctor,36-50,14817.22,14817.22,14817.22,14817.22,0.00,0.00,3.74,99.99,-554.15,1,0,1,0,0,0,0,0,0
AC00113,38,Doctor,36-50,5511.69,1057.00,11989.39,7873.28,4116.11,10932.39,12.66,1.09,-54.68,4,1,3,0,0,0,1,0,1
AC00114,29,Doctor,25-35,6692.16,2037.85,12801.93,9409.43,3392.50,10764.08,27.99,5.38,-1524.64,7,3,6,0,0,0,1,0,1
AC00115,22,Student,"Under 25",5561.50,480.19,14904.90,480.19,14424.71,14424.71,11.99,7.85,-582.07,3,1,2,0,0,0,1,0,1
AC00116,52,Doctor,51-65,5196.58,1872.22,5126.65,11263.89,-6137.24,9391.67,12.00,1.12,-66.85,6,3,4,0,1,0,1,0,2
AC00117,19,Student,"Under 25",241.79,241.79,241.79,241.79,0.00,0.00,22.88,99.99,-55.32,1,0,1,1,0,0,0,0,1
AC00118,23,Student,"Under 25",2507.67,1204.65,1204.65,1776.91,-572.26,3392.92,49.87,99.99,-1250.60,4,0,3,0,1,0,0,0,1
AC00119,65,Doctor,51-65,7481.87,151.28,7135.64,11698.15,-4562.51,12230.17,19.08,6.76,-1216.55,6,1,5,0,1,0,1,0,2
AC00120,49,Doctor,36-50,7797.53,701.73,701.73,10389.60,-9687.87,14226.62,9.91,0.80,198.46,6,2,6,0,1,0,1,0,2
AC00121,38,Doctor,36-50,4727.52,3528.72,3528.72,5926.31,-2397.59,2397.59,1.71,0.38,132.79,2,1,2,0,1,0,0,0,1
AC00122,28,Engineer,25-35,4967.56,619.86,9594.11,2571.39,7022.72,8974.25,18.98,1.54,-328.99,6,1,5,0,0,0,1,0,1
AC00123,67,Retired,"Above 65",7671.04,4536.38,10171.68,4536.38,5635.30,5635.30,11.98,99.99,-919.06,4,0,4,0,0,0,0,0,0
AC00124,39,Engineer,36-50,7488.18,1804.50,7950.48,5346.46,2604.02,13046.78,15.90,99.99,-1190.82,4,0,4,0,0,0,1,0,1
AC00125,18,Student,"Under 25",5158.73,940.91,7004.63,8870.89,-1866.26,7929.98,8.11,0.71,168.45,6,3,5,0,1,0,1,0,2
AC00126,39,Engineer,36-50,5026.98,1447.35,10269.78,1447.35,8822.43,8822.43,12.84,0.74,229.06,7,3,5,0,0,0,1,0,1
AC00127,46,Engineer,36-50,7377.25,2051.25,12703.24,2051.25,10651.99,10651.99,7.39,99.99,-545.45,2,0,2,0,0,0,0,0,0
AC00128,68,Retired,"Above 65",3310.42,383.58,1134.79,2525.47,-1390.68,12279.08,51.05,1.10,-155.01,7,2,4,0,1,1,1,0,3
AC00129,62,Doctor,51-65,6915.41,3651.07,3651.07,9942.24,-6291.17,6291.17,15.84,99.99,-1095.42,4,0,3,0,1,0,0,0,1
AC00130,43,Doctor,36-50,5486.90,387.02,1711.78,8374.38,-6662.60,13018.98,28.40,1.19,-253.97,9,3,7,0,1,0,1,1,3
AC00131,27,Student,25-35,4672.11,125.85,125.85,160.83,-34.98,12891.85,39.85,1.92,-894.34,9,2,7,0,1,0,1,1,3
AC00132,28,Engineer,25-35,5044.51,860.12,4298.13,860.12,3438.01,12917.67,4.84,1.72,-102.19,4,2,4,0,0,0,1,0,1
AC00133,24,Student,"Under 25",3986.58,752.25,6217.86,752.25,5465.61,7055.48,26.42,3.05,-707.91,7,3,4,0,0,0,1,0,1
AC00134,48,Engineer,36-50,6037.03,6037.03,6037.03,6037.03,0.00,0.00,0.82,99.99,-49.59,1,0,1,0,0,0,0,0,0
AC00135,51,Engineer,51-65,8796.24,8497.34,8497.34,9095.14,-597.80,597.80,0.45,0.37,66.57,2,1,2,0,1,0,0,0,1
AC00136,49,Engineer,36-50,5374.21,164.61,164.61,5212.28,-5047.67,11741.03,43.81,1.54,-828.33,8,3,6,0,1,0,1,1,3
AC00137,20,Student,"Under 25",3988.95,998.49,1730.28,998.49,731.79,8239.59,9.46,99.99,-377.17,3,0,3,0,0,0,1,0,1
AC00138,41,Engineer,36-50,4039.17,185.47,185.47,7892.87,-7707.40,7707.40,1.52,0.17,293.60,2,1,2,0,1,0,1,0,2
AC00139,59,Doctor,51-65,6090.36,1293.39,9553.42,7155.04,2398.38,8606.55,9.79,0.72,229.14,8,3,8,0,0,0,0,1,1
AC00140,26,Student,25-35,5234.31,1523.72,12272.78,1788.27,10484.51,10749.06,16.07,3.97,-629.42,7,1,4,0,0,0,1,0,1
AC00141,25,Student,25-35,5206.89,958.70,3559.96,958.70,2601.26,7029.04,12.97,0.87,105.01,5,1,4,0,0,0,0,0,0
AC00142,25,Student,25-35,3924.35,1107.28,6741.41,1107.28,5634.13,5634.13,0.65,0.05,478.54,2,1,2,0,0,0,0,0,0
AC00143,68,Doctor,"Above 65",7637.50,4055.55,4437.48,10790.80,-6353.32,9217.53,12.19,2.08,-483.12,5,1,4,0,1,0,0,0,1
AC00144,25,Student,25-35,4127.65,783.83,1265.28,783.83,481.45,8529.22,32.56,2.69,-844.89,8,2,7,0,0,0,1,1,2
AC00145,27,Engineer,25-35,4859.60,319.84,319.84,9269.67,-8949.83,12147.47,26.86,13.37,-1207.52,5,1,5,0,1,0,1,0,2
AC00146,40,Doctor,36-50,12340.82,11147.34,13534.30,11147.34,2386.96,2386.96,9.20,31.57,-1099.82,2,1,2,0,0,0,0,0,0
AC00147,26,Engineer,25-35,7854.64,6263.96,9028.49,6263.96,2764.53,2764.53,1.50,0.44,152.82,3,1,3,0,0,0,0,0,0
AC00148,62,Doctor,51-65,6203.84,2366.30,4516.76,10862.99,-6346.23,8496.69,41.09,7.98,-2229.79,5,1,4,0,1,0,0,0,1
AC00149,58,Retired,51-65,7058.09,618.05,9938.20,1390.98,8547.22,11428.25,31.43,99.99,-2218.10,6,0,6,0,0,0,1,0,1
AC00150,22,Student,"Under 25",5858.76,359.06,1544.88,793.63,751.25,12111.56,34.36,113.20,-1995.00,7,1,5,0,0,0,1,0,1
AC00151,21,Student,"Under 25",6460.79,560.73,4474.20,560.73,3913.47,10091.40,9.39,1.10,-56.47,4,2,3,0,0,0,1,0,1
AC00152,61,Retired,51-65,3941.26,832.82,7855.01,3279.12,4575.89,7022.19,23.85,31.42,-910.03,4,1,3,0,0,0,1,0,1
AC00153,64,Retired,51-65,4495.13,271.64,447.53,6009.12,-5561.59,8387.31,52.55,26.40,-2272.89,7,1,6,0,1,1,1,0,3
AC00154,36,Engineer,36-50,3856.71,921.23,6810.94,2240.49,4570.45,7060.22,22.54,99.99,-869.43,5,0,5,0,0,0,1,0,1
AC00155,32,Doctor,25-35,5971.55,667.66,8092.94,9679.68,-1586.74,9012.02,29.43,99.99,-1757.20,6,0,5,0,1,0,1,0,2
AC00156,58,Retired,51-65,2481.34,813.68,1182.77,2189.38,-1006.61,5286.40,86.85,99.99,-2155.04,5,0,5,0,1,1,1,0,3
AC00157,69,Retired,"Above 65",4543.08,3228.87,4735.41,3240.14,1495.27,2913.67,16.18,1.43,-220.79,5,2,4,0,0,0,0,0,0
AC00158,72,Retired,"Above 65",5047.85,1623.50,7516.56,7318.64,197.92,6363.13,20.36,0.77,298.70,7,3,6,0,0,0,0,0,0
AC00159,69,Retired,"Above 65",5827.55,1649.43,2154.58,3907.54,-1752.96,10254.39,3.73,0.27,589.94,5,3,4,0,1,0,1,0,2
AC00160,65,Doctor,51-65,5922.67,1292.10,1292.10,10553.23,-9261.13,9261.13,17.34,99.99,-1026.89,2,0,2,0,1,0,1,0,2
AC00161,41,Doctor,36-50,7019.25,421.93,7696.16,421.93,7274.23,13469.54,28.01,99.99,-1965.90,4,0,4,0,0,0,1,0,1
AC00162,26,Engineer,25-35,2093.06,932.61,932.61,3253.51,-2320.90,2320.90,4.29,99.99,-89.75,2,0,2,0,1,0,0,0,1
AC00163,18,Student,"Under 25",1000.22,341.94,1658.49,341.94,1316.55,1316.55,22.71,0.58,161.63,2,1,2,1,0,0,0,0,1
AC00164,25,Student,25-35,6175.10,337.62,337.62,7174.69,-6837.07,14014.71,49.22,99.99,-3039.38,6,0,5,0,1,0,1,0,2
AC00165,61,Doctor,51-65,4871.54,268.77,12002.16,6024.80,5977.36,11733.39,19.31,1.15,-119.92,6,1,4,0,0,0,1,0,1
AC00166,19,Student,"Under 25",4251.55,1251.85,7863.60,1595.26,6268.34,6956.69,28.81,6.70,-1041.88,6,1,4,0,0,0,1,0,1
AC00167,66,Retired,"Above 65",5161.33,922.19,7044.63,6414.11,630.52,8832.54,30.64,99.99,-1581.57,5,0,4,0,0,0,1,0,1
AC00168,49,Engineer,36-50,2471.53,2471.53,2471.53,2471.53,0.00,0.00,0.00,0.00,77.83,1,1,1,0,0,0,0,0,0
AC00169,66,Doctor,"Above 65",7002.05,4618.53,4618.53,9385.57,-4767.04,4767.04,2.51,99.99,-175.69,2,0,2,0,1,0,0,0,1
AC00170,32,Engineer,25-35,5322.22,609.60,7816.41,7954.92,-138.51,7345.32,9.96,0.44,671.32,7,2,6,0,1,0,0,0,1
AC00171,72,Retired,"Above 65",7441.08,761.78,1111.67,7460.33,-6348.66,14216.21,11.96,99.99,-889.93,5,0,4,0,1,0,1,0,2
AC00172,23,Student,"Under 25",4234.56,342.73,7677.76,342.73,7335.03,7695.14,57.52,5.19,-1966.07,5,2,4,0,0,1,1,0,2
AC00173,33,Doctor,25-35,5366.01,1008.76,1008.76,5862.99,-4854.23,7466.71,24.16,2.60,-798.02,4,1,4,0,1,0,0,0,1
AC00174,63,Doctor,51-65,4297.87,1121.19,1121.19,5238.37,-4117.18,7888.37,6.14,0.60,172.54,4,2,4,0,1,0,1,0,2
AC00175,63,Doctor,51-65,6035.41,2968.75,2987.97,13884.24,-10896.27,10915.49,11.50,0.48,747.90,7,4,6,0,1,0,1,0,2
AC00176,18,Student,"Under 25",3415.33,165.75,4835.91,304.44,4531.47,7376.99,51.58,2.96,-1165.86,8,1,5,0,0,1,1,1,3
AC00177,60,Engineer,51-65,4208.69,135.96,1298.13,8274.77,-6976.64,14265.21,45.59,1.85,-884.26,9,4,8,0,1,0,1,1,3
AC00178,79,Retired,"Above 65",4872.18,1008.44,7369.89,5238.71,2131.18,6635.22,16.67,12.14,-745.31,5,1,3,0,0,0,0,0,0
AC00179,68,Retired,"Above 65",8851.88,2012.24,10462.77,6400.59,4062.18,11525.90,20.06,0.87,269.11,6,2,5,0,0,0,0,0,0
AC00180,26,Student,25-35,7597.66,7597.66,7597.66,7597.66,0.00,0.00,1.43,99.99,-108.96,1,0,1,0,0,0,0,0,0
AC00181,28,Student,25-35,4768.77,824.71,4392.73,824.71,3568.02,8835.51,30.35,99.99,-1447.30,5,0,4,0,0,0,1,0,1
AC00182,41,Engineer,36-50,3058.39,112.76,1790.27,5906.58,-4116.31,6750.26,107.32,12.10,-3011.17,8,1,6,0,1,1,1,1,4
AC00183,51,Retired,51-65,3703.41,129.79,3791.99,6581.55,-2789.56,6451.76,38.49,6.77,-1214.61,6,2,4,0,1,0,1,0,2
AC00184,67,Doctor,"Above 65",7573.00,2264.98,10483.93,8042.30,2441.63,8218.95,13.49,99.99,-1021.61,4,0,3,0,0,0,0,0,0
AC00185,49,Engineer,36-50,4565.13,658.91,3921.74,3931.03,-9.29,10066.04,9.26,0.41,608.61,6,2,5,0,1,0,1,0,2
AC00186,29,Engineer,25-35,8892.37,7950.74,7950.74,9834.00,-1883.26,1883.26,2.24,0.77,58.37,2,1,2,0,1,0,0,0,1
AC00187,57,Engineer,51-65,4231.83,2104.82,2104.82,3278.65,-1173.83,5836.91,19.69,6.95,-713.28,5,1,5,0,1,0,0,0,1
AC00188,40,Doctor,36-50,6394.69,552.06,6295.45,11666.18,-5370.73,11114.12,2.81,0.48,196.02,5,4,4,0,1,0,1,0,2
AC00189,22,Student,"Under 25",2049.51,213.00,3133.85,830.37,2303.48,3874.44,29.45,0.67,302.79,5,2,4,0,0,0,1,0,1
AC00190,27,Student,25-35,2487.64,690.16,1562.90,690.16,872.74,6727.53,44.39,99.99,-1104.14,5,0,4,0,0,0,1,0,1
AC00191,27,Engineer,25-35,11100.47,6704.76,13265.92,6704.76,6561.16,6625.98,4.61,99.99,-511.30,3,0,3,0,0,0,0,0,0
AC00192,54,Retired,51-65,7032.63,1913.73,12799.34,7474.31,5325.03,10885.61,32.00,99.99,-2250.17,4,0,4,0,0,0,1,0,1
AC00193,57,Retired,51-65,5706.59,4079.09,7334.08,4079.09,3254.99,3254.99,9.31,99.99,-531.48,2,0,2,0,0,0,0,0,0
AC00194,48,Doctor,36-50,4145.79,459.37,3990.60,6459.38,-2468.78,6000.01,4.43,0.24,577.16,5,3,5,0,1,0,0,0,1
AC00195,55,Retired,51-65,8328.47,6521.05,10135.88,6521.05,3614.83,3614.83,4.73,0.67,191.30,2,1,2,0,0,0,0,0,0
AC00196,28,Engineer,25-35,5811.73,3473.24,7534.73,4630.58,2904.15,4114.24,34.88,99.99,-2027.38,6,0,5,0,0,0,0,0,0
AC00197,36,Doctor,36-50,4838.83,1167.25,2732.86,11123.65,-8390.79,9956.40,5.86,0.89,35.51,4,1,4,0,1,0,1,0,2
AC00198,58,Engineer,51-65,5989.48,230.09,11748.86,230.09,11518.77,11518.77,17.83,99.99,-1067.82,2,0,2,0,0,0,1,0,1
AC00199,37,Doctor,36-50,13316.71,13316.71,13316.71,13316.71,0.00,0.00,0.00,0.00,7.08,1,1,1,0,0,0,0,0,0
AC00200,24,Student,"Under 25",5245.60,221.79,7844.88,1127.54,6717.34,12672.06,28.04,19.23,-1394.45,7,1,6,0,0,0,1,0,1
AC00201,55,Retired,51-65,2108.83,672.79,2475.65,1886.36,589.29,4034.45,23.25,0.90,54.90,5,2,5,0,0,0,1,0,1
AC00202,75,Retired,"Above 65",3980.30,319.65,5677.05,4875.86,801.19,8612.74,63.38,2.10,-1323.30,12,4,8,0,0,1,1,1,3
AC00203,22,Student,"Under 25",5597.17,712.13,6151.05,1244.93,4906.12,9021.70,43.04,7.25,-2076.70,6,2,6,0,0,0,1,0,1
AC00204,65,Doctor,51-65,4325.53,289.71,7375.73,14489.69,-7113.96,14199.98,37.73,1.59,-605.63,7,3,6,0,1,0,1,0,2
AC00205,26,Student,25-35,6163.80,1584.60,7473.73,1584.60,5889.13,8343.15,0.43,0.02,1605.41,4,3,3,0,0,0,0,0,0
AC00206,27,Student,25-35,2588.22,1256.33,3920.11,1256.33,2663.78,2663.78,16.88,5.89,-362.69,2,1,2,0,0,0,0,0,0
AC00207,71,Retired,"Above 65",3334.21,1119.21,1119.21,5549.20,-4429.99,4429.99,1.14,0.17,182.54,2,1,2,0,1,0,0,0,1
AC00208,46,Doctor,36-50,3018.81,756.74,3801.82,6101.15,-2299.33,5344.41,81.85,99.99,-2470.84,4,0,4,0,1,1,1,0,3
AC00209,53,Retired,51-65,3774.78,1733.34,2293.13,1733.34,559.79,6723.75,29.19,3.99,-825.51,5,1,4,0,0,0,1,0,1
AC00210,58,Engineer,51-65,6364.28,3959.62,6486.18,4382.73,2103.45,6668.97,16.39,99.99,-1043.15,4,0,4,0,0,0,0,0,0
AC00211,41,Doctor,36-50,7203.62,3173.17,3173.17,11108.39,-7935.22,7935.22,27.62,99.99,-1989.56,4,0,4,0,1,0,0,0,1
AC00212,41,Doctor,36-50,8039.32,2991.17,11036.74,10090.05,946.69,8045.57,11.66,99.99,-936.99,3,0,3,0,0,0,0,0,0
AC00213,18,Student,"Under 25",5226.29,412.78,1636.32,6149.81,-4513.49,13281.90,26.00,6.24,-1141.26,6,2,5,0,1,0,1,0,2
AC00214,24,Student,"Under 25",3292.69,703.26,5882.12,703.26,5178.86,5178.86,6.54,99.99,-215.44,2,0,2,0,0,0,1,0,1
AC00215,32,Engineer,25-35,6968.14,714.45,11619.10,714.45,10904.65,10904.65,11.86,6.10,-690.73,5,1,5,0,0,0,1,0,1
AC00216,37,Doctor,36-50,5081.76,711.66,6189.24,9410.99,-3221.75,8699.33,21.87,4.71,-875.37,5,1,4,0,1,0,1,0,2
AC00217,39,Engineer,36-50,2673.51,471.28,796.35,6452.14,-5655.79,5980.86,52.20,99.99,-1395.58,6,0,6,0,1,1,1,0,3
AC00218,60,Engineer,51-65,6312.39,1616.30,7208.15,2284.41,4923.74,9693.97,21.55,2.94,-897.02,7,1,6,0,0,0,1,0,1
AC00219,39,Engineer,36-50,5530.19,246.57,1204.11,2988.41,-1784.30,14226.76,20.12,3.51,-795.91,10,3,6,0,1,0,1,1,3
AC00220,40,Doctor,36-50,6363.11,3138.00,7176.86,9129.68,-1952.82,5991.68,18.72,0.88,168.97,6,1,4,0,1,0,0,0,1
AC00221,62,Retired,51-65,5172.99,5172.99,5172.99,5172.99,0.00,0.00,3.29,99.99,-170.24,1,0,1,0,0,0,0,0,0
AC00222,68,Doctor,"Above 65",3920.59,101.25,101.25,7006.46,-6905.21,7429.05,41.98,99.99,-1645.99,4,0,3,0,1,0,1,0,2
AC00223,20,Student,"Under 25",7726.22,6213.32,6213.32,9239.12,-3025.80,3025.80,10.64,99.99,-822.40,2,0,2,0,1,0,0,0,1
AC00224,19,Student,"Under 25",4353.32,123.24,8583.39,123.24,8460.15,8460.15,11.04,99.99,-480.70,2,0,2,0,0,0,1,0,1
AC00225,26,Student,25-35,4387.59,214.61,7885.64,214.61,7671.03,9190.02,60.23,9.31,-2358.84,11,2,8,0,0,1,1,1,3
AC00227,33,Doctor,25-35,6610.35,906.20,1146.09,5307.74,-4161.65,13587.98,24.85,99.99,-1642.88,5,0,4,0,1,0,1,0,2
AC00228,52,Retired,51-65,6111.25,2038.31,6039.04,4840.31,1198.73,11666.61,30.98,3.07,-1276.96,8,2,7,0,0,0,1,1,2
AC00229,53,Retired,51-65,4422.44,914.16,914.16,3897.17,-2983.01,8609.56,17.06,2.16,-405.91,5,1,5,0,1,0,1,0,2
AC00230,22,Student,"Under 25",6717.67,1257.90,6824.00,1257.90,5566.10,10813.20,11.49,1.32,-187.11,3,1,3,0,0,0,1,0,1
AC00231,78,Retired,"Above 65",7652.62,4895.87,9738.60,4895.87,4842.73,5066.63,10.25,0.98,17.77,5,2,4,0,0,0,0,0,0
AC00232,49,Engineer,36-50,6050.38,1715.22,11088.95,2114.30,8974.65,10034.55,20.33,15.33,-1150.02,5,2,5,0,0,0,1,0,1
AC00233,50,Engineer,36-50,6186.76,717.99,11847.07,9879.87,1967.20,11667.06,12.08,11.15,-680.58,6,1,4,0,0,0,1,0,1
AC00235,27,Engineer,25-35,6119.73,3293.01,9418.08,4860.01,4558.07,6125.07,22.11,99.99,-1353.30,7,0,7,0,0,0,0,0,0
AC00236,60,Doctor,51-65,5299.06,1307.23,1307.23,13521.76,-12214.53,12214.53,39.11,99.99,-2072.40,6,0,4,0,1,0,1,0,2
AC00237,29,Doctor,25-35,10119.09,6675.03,6675.03,9791.74,-3116.71,7646.70,9.33,1.07,-58.99,5,1,5,0,1,0,0,0,1
AC00238,24,Student,"Under 25",1188.95,1188.95,1188.95,1188.95,0.00,0.00,28.23,99.99,-335.68,1,0,1,1,0,0,0,0,1
AC00239,27,Engineer,25-35,4057.00,1334.09,6689.87,2801.28,3888.59,5518.07,15.04,1.43,-184.18,5,2,4,0,0,0,0,0,0
AC00240,75,Retired,"Above 65",1751.66,1100.06,1100.06,2403.25,-1303.19,1303.19,65.72,3.29,-801.04,2,1,2,1,1,1,0,0,3
AC00241,42,Doctor,36-50,5154.22,852.98,7167.57,7469.20,-301.63,8777.02,29.29,6.48,-1276.51,9,1,5,0,1,0,1,1,3
AC00242,59,Retired,51-65,4646.25,184.72,2788.20,7948.37,-5160.17,9194.81,14.85,1.11,-70.29,9,4,6,0,1,0,1,1,3
AC00243,73,Retired,"Above 65",4149.62,1035.22,1819.91,7132.08,-5312.17,6096.86,13.33,3.13,-376.78,4,1,3,0,1,0,0,0,1
AC00244,29,Engineer,25-35,3762.47,151.42,6853.51,6214.54,638.97,6702.09,48.54,99.99,-1826.25,5,0,4,0,0,0,1,0,1
AC00245,30,Doctor,25-35,8931.12,1950.63,7568.40,13485.00,-5916.60,11534.37,5.24,0.79,125.80,6,2,5,0,1,0,0,0,1
AC00246,69,Doctor,"Above 65",9185.62,816.01,14077.97,10017.11,4060.86,13815.87,7.01,99.99,-643.64,5,0,4,0,0,0,1,0,1
AC00247,31,Doctor,25-35,5752.72,467.40,5599.81,10704.95,-5105.14,13882.71,18.34,10.42,-953.88,7,1,5,0,1,0,1,0,2
AC00248,53,Doctor,51-65,1939.47,362.40,5243.00,1649.69,3593.31,4880.60,62.95,1.27,-261.03,7,4,6,1,0,1,1,0,3
AC00249,65,Doctor,51-65,8682.34,5379.25,7330.31,13531.22,-6200.91,8151.97,5.09,2.75,-281.14,5,1,4,0,1,0,0,0,1
AC00250,20,Student,"Under 25",5055.10,1236.76,8873.43,1236.76,7636.67,7636.67,3.03,0.18,687.09,2,1,2,0,0,0,1,0,1
AC00251,53,Retired,51-65,3080.41,476.19,476.19,3134.47,-2658.28,5892.13,61.26,2.13,-1003.00,4,1,4,0,1,1,1,0,3
AC00252,74,Retired,"Above 65",6773.72,5946.45,5946.45,7600.99,-1654.54,1654.54,22.17,99.99,-1501.57,2,0,2,0,1,0,0,0,1
AC00253,36,Doctor,36-50,3488.99,354.90,7145.67,354.90,6790.77,6790.77,56.64,1.77,-858.52,6,2,6,0,0,1,1,0,2
AC00254,31,Doctor,25-35,5198.93,587.12,9274.64,8656.18,618.46,8687.52,23.16,99.99,-1203.99,6,0,3,0,0,0,1,0,1
AC00255,33,Engineer,25-35,7753.02,6777.12,6777.12,8434.99,-1657.87,1657.87,12.15,6.83,-804.18,3,1,3,0,1,0,0,0,1
AC00256,57,Retired,51-65,5221.81,548.45,548.45,5141.19,-4592.74,9427.34,24.10,99.99,-1258.39,3,0,3,0,1,0,1,0,2
AC00257,39,Doctor,36-50,6594.16,213.36,8171.26,6474.41,1696.85,12438.86,41.38,4.01,-2047.64,11,2,9,0,0,0,1,1,2
AC00258,62,Retired,51-65,3264.93,686.91,686.91,1363.65,-676.74,7823.18,37.24,3.17,-831.96,7,3,4,0,1,0,1,0,2
AC00259,20,Student,"Under 25",3837.08,1223.45,8590.50,1223.45,7367.05,7367.05,15.02,16.04,-540.39,3,1,3,0,0,0,1,0,1
AC00260,77,Retired,"Above 65",3065.16,966.88,1615.04,6647.73,-5032.69,5680.85,13.83,4.36,-326.56,4,1,4,0,1,0,1,0,2
AC00261,69,Doctor,"Above 65",5556.28,1244.17,7640.57,8354.54,-713.97,9727.15,20.90,99.99,-1161.03,8,0,5,0,1,0,1,1,3
AC00262,64,Retired,51-65,2872.00,1006.12,2393.73,1006.12,1387.61,7637.39,49.21,1.50,-474.16,5,3,4,0,0,0,1,0,1
AC00263,70,Retired,"Above 65",8126.63,4580.59,4704.91,4580.59,124.32,8367.91,4.97,0.35,743.40,5,2,4,0,0,0,0,0,0
AC00264,20,Student,"Under 25",2540.18,189.69,189.69,867.32,-677.63,7168.96,104.23,99.99,-2647.53,6,0,4,0,1,1,1,0,3
AC00265,21,Student,"Under 25",5747.24,605.95,9578.74,1240.71,8338.03,9722.28,37.00,1.16,-299.28,9,4,8,0,0,0,1,1,2
AC00266,59,Retired,51-65,5184.90,1938.99,1938.99,6044.93,-4105.94,5976.01,11.63,53.35,-591.53,4,1,4,0,1,0,0,0,1
AC00267,36,Engineer,36-50,3659.88,1075.15,8576.65,2137.90,6438.75,7501.50,52.25,21.03,-1821.23,10,1,9,0,0,1,1,1,3
AC00268,48,Engineer,36-50,6291.06,1189.03,1189.03,6470.57,-5281.54,10799.09,28.12,22.46,-1690.42,4,1,4,0,1,0,1,0,2
AC00269,71,Retired,"Above 65",7879.65,4287.82,13388.56,5962.58,7425.98,9100.74,5.83,99.99,-459.61,3,0,3,0,0,0,0,0,0
AC00270,20,Student,"Under 25",1960.10,454.66,3465.54,454.66,3010.88,3010.88,34.30,99.99,-672.29,2,0,2,1,0,0,1,0,2
AC00271,65,Retired,51-65,2121.43,469.14,1637.75,1228.93,408.82,3267.24,12.61,0.60,176.59,5,3,3,0,0,0,1,0,1
AC00272,21,Student,"Under 25",4363.20,464.20,3872.55,1000.46,2872.09,6767.27,53.67,99.99,-2341.84,8,0,6,0,0,1,1,1,3
AC00273,30,Doctor,25-35,4521.26,264.83,11481.85,5567.98,5913.87,11217.02,52.20,77.44,-2329.74,4,1,4,0,0,1,1,0,2
AC00274,43,Engineer,36-50,6314.33,4159.52,6851.31,4159.52,2691.79,5214.72,8.79,0.72,220.10,5,1,5,0,0,0,0,0,0
AC00275,23,Student,"Under 25",5409.71,611.86,5950.48,699.90,5250.58,13013.66,26.58,2.76,-916.22,9,3,7,0,0,0,1,1,2
AC00276,22,Student,"Under 25",6876.45,2227.49,10721.29,4500.26,6221.03,9190.42,21.39,99.99,-1471.14,5,0,3,0,0,0,0,0,0
AC00277,33,Doctor,25-35,7847.46,749.34,8524.09,749.34,7774.75,13519.61,16.89,99.99,-1325.31,3,0,3,0,0,0,1,0,1
AC00278,21,Student,"Under 25",8107.50,1451.02,12990.77,1451.02,11539.75,11539.75,5.09,0.97,12.33,3,1,3,0,0,0,0,0,0
AC00279,44,Doctor,36-50,7029.76,518.54,518.54,11869.71,-11351.17,13809.75,30.20,99.99,-2123.00,9,0,6,0,1,0,1,1,3
AC00280,20,Student,"Under 25",6585.81,1523.04,10001.66,1523.04,8478.62,11472.66,10.29,0.64,383.37,5,2,4,0,0,0,1,0,1
AC00281,66,Doctor,"Above 65",7851.97,3900.34,3900.34,6366.43,-2466.09,8418.92,12.62,6.14,-829.35,4,1,4,0,1,0,0,0,1
AC00282,67,Doctor,"Above 65",7422.99,1509.27,1509.27,10631.43,-9122.16,12037.48,20.01,4.95,-1185.62,6,1,6,0,1,0,1,0,2
AC00283,21,Student,"Under 25",664.72,664.72,664.72,664.72,0.00,0.00,11.72,99.99,-77.90,1,0,1,1,0,0,0,0,1
AC00284,57,Engineer,51-65,5602.19,234.41,4764.48,5994.87,-1230.39,13351.65,57.23,9.79,-2878.45,8,2,6,0,1,1,1,1,4
AC00285,50,Engineer,36-50,5298.99,136.74,9384.54,453.39,8931.15,13421.82,39.58,2.84,-1357.71,7,2,6,0,0,0,1,0,1
AC00286,33,Engineer,25-35,4575.34,259.77,9603.73,6939.23,2664.50,9343.96,10.86,10.52,-449.58,6,1,5,0,0,0,1,0,1
AC00287,51,Retired,51-65,4740.83,1997.33,1997.33,7484.32,-5486.99,5486.99,12.00,7.79,-495.75,2,1,1,0,1,0,0,0,1
AC00288,40,Engineer,36-50,4081.38,2008.77,7947.44,2008.77,5938.67,5938.67,29.11,99.99,-1188.25,3,0,3,0,0,0,0,0,0
AC00289,72,Retired,"Above 65",4222.60,1919.97,1919.97,2325.78,-405.81,6502.09,24.61,99.99,-1039.22,3,0,3,0,1,0,1,0,2
AC00290,48,Engineer,36-50,3901.58,461.83,461.83,5081.26,-4619.43,6810.18,39.69,4.53,-1206.52,4,1,4,0,1,0,1,0,2
AC00291,53,Engineer,51-65,7245.48,2583.07,9933.56,7089.90,2843.66,7350.49,33.73,6.37,-2060.23,7,1,6,0,0,0,0,0,0
AC00292,49,Doctor,36-50,7738.22,2563.91,5374.54,14021.40,-8646.86,11457.49,19.95,3.76,-1133.43,7,1,5,0,1,0,0,0,1
AC00293,57,Engineer,51-65,4518.22,2569.56,3753.24,2569.56,1183.68,4072.77,6.90,99.99,-311.78,4,0,3,0,0,0,0,0,0
AC00294,80,Retired,"Above 65",5869.89,1918.36,1918.36,6601.44,-4683.08,6540.90,16.08,2.93,-622.29,4,1,3,0,1,0,0,0,1
AC00295,28,Student,25-35,6326.12,333.19,333.19,7835.40,-7502.21,12293.30,11.69,0.97,20.99,6,2,5,0,1,0,1,0,2
AC00296,21,Student,"Under 25",1070.67,265.51,1503.56,1123.89,379.67,1238.05,110.38,3.15,-807.17,4,1,4,1,0,1,0,0,2
AC00297,64,Retired,51-65,5831.12,479.08,9088.36,7620.60,1467.76,12211.71,30.01,1.78,-765.71,10,2,5,0,0,0,1,1,2
AC00298,27,Student,25-35,3864.90,903.05,3807.84,1696.15,2111.69,10176.72,14.64,1.60,-211.61,7,3,6,0,0,0,1,0,1
AC00299,54,Doctor,51-65,7235.76,3057.40,3057.40,8981.10,-5923.70,7731.49,3.67,1.22,-47.93,4,1,4,0,1,0,0,0,1
AC00300,70,Doctor,"Above 65",5231.22,586.76,1546.22,10008.33,-8462.11,10801.39,14.56,8.05,-667.23,5,1,4,0,1,0,1,0,2
AC00301,73,Retired,"Above 65",3055.98,269.01,6697.77,1702.65,4995.12,6428.76,49.52,1.74,-644.86,6,2,5,0,0,0,1,0,1
AC00302,55,Engineer,51-65,7329.41,4732.81,9297.50,9826.26,-528.76,5093.45,26.01,99.99,-1906.67,4,0,3,0,1,0,0,0,1
AC00303,19,Student,"Under 25",5414.30,596.16,9018.33,9963.39,-945.06,9367.23,37.08,2.04,-1025.65,6,1,4,0,1,0,1,0,2
AC00304,77,Retired,"Above 65",6378.04,1105.89,13586.99,4351.83,9235.16,12481.10,51.15,8.38,-2873.24,11,2,8,0,0,1,1,1,3
AC00305,57,Retired,51-65,7643.98,3908.65,11471.87,3908.65,7563.22,10921.20,11.46,1.73,-369.07,6,1,5,0,0,0,0,0,0
AC00306,35,Engineer,25-35,4522.18,312.19,312.19,8843.44,-8531.25,8531.25,24.69,5.50,-913.46,6,1,6,0,1,0,1,0,2
AC00307,54,Engineer,51-65,3353.77,233.21,8013.63,233.21,7780.42,7780.42,6.55,0.56,174.52,3,2,2,0,0,0,1,0,1
AC00308,36,Engineer,36-50,6050.63,5619.91,5619.91,6481.35,-861.44,861.44,8.01,99.99,-484.46,2,0,2,0,1,0,0,0,1
AC00309,50,Doctor,36-50,8436.12,8436.12,8436.12,8436.12,0.00,0.00,0.00,0.00,52.04,1,1,1,0,0,0,0,0,0
AC00310,53,Engineer,51-65,3099.95,221.56,221.56,4702.86,-4481.30,6395.96,72.50,2.70,-1415.24,7,1,6,0,1,1,1,0,3
AC00311,18,Student,"Under 25",3588.74,145.50,5449.37,1479.67,3969.70,6328.84,48.70,99.99,-1747.69,6,0,6,0,0,0,1,0,1
AC00312,24,Student,"Under 25",2322.50,530.81,941.49,530.81,410.68,5226.86,84.35,99.99,-1958.92,4,0,3,0,0,1,1,0,2
AC00313,27,Student,25-35,5137.25,414.43,414.43,1351.69,-937.26,13231.20,13.94,26.03,-688.68,3,1,2,0,1,0,1,0,2
AC00314,69,Doctor,"Above 65",6035.61,2513.56,2513.56,6020.29,-3506.73,6857.34,14.55,13.49,-812.86,4,1,3,0,1,0,0,0,1
AC00315,44,Engineer,36-50,5088.78,130.76,9588.71,9138.76,449.95,9457.95,19.81,99.99,-1008.06,5,0,4,0,0,0,1,0,1
AC00316,28,Student,25-35,6999.88,321.21,522.08,321.21,200.87,13125.60,29.77,1.54,-730.12,6,3,4,0,0,0,1,0,1
AC00317,22,Student,"Under 25",5200.82,521.88,1131.26,1443.02,-311.76,10458.50,31.00,1.13,-191.51,7,2,7,0,1,0,1,0,2
AC00318,30,Doctor,25-35,5194.21,570.10,5579.11,5326.68,252.43,12940.01,34.79,8.70,-1599.26,5,1,4,0,0,0,1,0,1
AC00319,56,Retired,51-65,4170.72,1338.95,2224.08,3014.75,-790.67,5942.51,26.99,2.07,-582.93,5,1,5,0,1,0,0,0,1
AC00320,63,Retired,51-65,3435.14,522.39,5541.57,1123.75,4417.82,8516.24,48.86,99.99,-1678.26,5,0,5,0,0,0,1,0,1
AC00321,59,Engineer,51-65,6583.14,3210.39,9955.88,3210.39,6745.49,6745.49,6.06,6.71,-339.70,2,1,2,0,0,0,0,0,0
AC00322,65,Doctor,51-65,4892.47,254.75,13264.14,9013.10,4251.04,13009.39,62.68,99.99,-3066.67,9,0,6,0,0,1,1,1,3
AC00323,54,Engineer,51-65,6179.95,1644.09,8802.97,6781.30,2021.67,7158.88,20.00,28.17,-1192.24,4,1,4,0,0,0,0,0,0
AC00324,28,Student,25-35,3700.90,187.90,6290.62,1512.16,4778.46,8482.33,16.84,1.52,-212.71,5,1,4,0,0,0,1,0,1
AC00325,22,Student,"Under 25",5205.52,1824.19,6911.20,1824.19,5087.01,6634.10,20.30,1.76,-455.48,5,1,4,0,0,0,0,0,0
AC00326,18,Student,"Under 25",3002.60,678.83,7697.68,678.83,7018.85,7018.85,26.21,1.95,-383.20,5,2,5,0,0,0,1,0,1
AC00327,21,Student,"Under 25",2363.82,320.25,447.06,320.25,126.81,8290.92,64.80,1.25,-306.33,6,1,6,0,0,1,1,0,2
AC00328,60,Doctor,51-65,5880.89,2304.56,8647.04,7627.04,1020.00,6342.48,12.82,99.99,-753.73,5,0,4,0,0,0,0,0,0
AC00329,25,Student,25-35,4076.46,193.06,193.06,1357.22,-1164.16,12134.68,27.33,1.28,-243.48,9,3,6,0,1,0,1,1,3
AC00330,58,Retired,51-65,4218.52,490.57,1545.64,1876.35,-330.71,12470.96,10.18,0.98,7.89,4,2,3,0,1,0,1,0,2
AC00331,19,Student,"Under 25",3443.25,563.46,1569.75,1307.86,261.89,11259.07,64.15,18.06,-2086.65,7,2,5,0,0,1,1,0,2
AC00332,69,Retired,"Above 65",5286.80,1309.95,6133.22,3564.80,2568.42,8563.67,26.90,1.52,-484.61,8,2,7,0,0,0,1,1,2
AC00333,57,Engineer,51-65,7932.00,5684.09,5684.09,7998.25,-2314.16,4429.57,6.76,99.99,-536.54,3,0,3,0,1,0,0,0,1
AC00334,40,Engineer,36-50,4797.21,1214.93,1214.93,7372.81,-6157.88,6157.88,17.70,99.99,-849.01,3,0,3,0,1,0,0,0,1
AC00335,49,Doctor,36-50,6542.46,5365.20,5365.20,7719.71,-2354.51,2354.51,0.00,0.00,343.19,2,2,2,0,1,0,0,0,1
AC00336,40,Engineer,36-50,2706.51,480.16,1969.48,480.16,1489.32,6510.48,18.40,0.31,1130.23,4,2,4,0,0,0,1,0,1
AC00337,60,Engineer,51-65,4463.38,261.97,261.97,4954.37,-4692.40,7734.73,86.30,7.11,-3310.37,8,1,4,0,1,1,1,1,4
AC00338,57,Retired,51-65,3110.28,960.96,1292.21,2150.38,-858.17,8084.23,85.16,10.32,-2392.06,7,1,5,0,1,1,1,0,3
AC00339,24,Student,"Under 25",5782.37,1242.62,6312.79,1242.62,5070.17,11102.28,37.51,6.38,-1829.20,9,2,6,0,0,0,1,1,2
AC00340,29,Doctor,25-35,10344.41,5558.36,5558.36,11826.52,-6268.16,8090.00,7.44,99.99,-769.73,3,0,2,0,1,0,0,0,1
AC00341,36,Engineer,36-50,6483.11,1549.27,1549.27,8700.80,-7151.53,9109.61,7.78,99.99,-504.45,5,0,4,0,1,0,0,0,1
AC00342,29,Engineer,25-35,3593.28,844.55,3582.16,6353.14,-2770.98,5508.59,17.52,99.99,-629.39,3,0,3,0,1,0,1,0,2
AC00344,33,Doctor,25-35,5391.36,1493.88,7858.41,5225.73,2632.68,6364.53,42.51,99.99,-2291.68,4,0,3,0,0,0,0,0,0
AC00345,51,Doctor,51-65,6014.27,1352.19,1913.06,14942.78,-13029.72,13590.59,47.01,99.99,-2827.25,9,0,7,0,1,0,1,1,3
AC00346,25,Student,25-35,831.75,831.75,831.75,831.75,0.00,0.00,21.70,99.99,-180.46,1,0,1,1,0,0,0,0,1
AC00347,67,Doctor,"Above 65",2581.20,796.63,796.63,5946.61,-5149.98,5149.98,30.39,99.99,-784.52,3,0,3,0,1,0,1,0,2
AC00348,27,Student,25-35,3637.80,1484.31,9165.02,1872.96,7292.06,7680.71,16.12,0.68,272.30,4,1,4,0,0,0,1,0,1
AC00349,43,Doctor,36-50,7319.05,1337.50,10536.54,1337.50,9199.04,12576.42,10.69,3.06,-527.11,6,2,5,0,0,0,1,0,1
AC00350,33,Engineer,25-35,3236.54,969.06,5504.01,969.06,4534.95,4534.95,46.24,4.69,-1177.30,2,1,2,0,0,0,0,0,0
AC00351,56,Retired,51-65,1794.36,1562.39,2026.32,1562.39,463.93,463.93,16.46,99.99,-295.41,2,0,2,1,0,0,0,0,1
AC00352,28,Student,25-35,3500.57,614.14,10915.54,614.14,10301.40,10301.40,12.28,1.23,-80.62,4,1,4,0,0,0,1,0,1
AC00353,54,Engineer,51-65,4495.17,431.16,6275.00,8356.08,-2081.08,7924.92,5.71,2.02,-129.75,5,1,3,0,1,0,1,0,2
AC00354,78,Retired,"Above 65",5952.31,1488.65,10357.26,2421.94,7935.32,8868.61,15.55,0.80,237.12,5,1,3,0,0,0,0,0,0
AC00355,54,Engineer,51-65,3516.05,1238.43,6313.22,2996.51,3316.71,5074.79,18.21,2.32,-364.83,3,1,3,0,0,0,0,0,0
AC00356,30,Engineer,25-35,5589.56,267.53,5008.59,9700.77,-4692.18,9635.95,46.22,99.99,-2583.27,8,0,6,0,1,0,1,1,3
AC00357,42,Engineer,36-50,4306.79,102.20,1131.42,5528.36,-4396.94,8763.07,41.47,32.79,-1731.41,6,1,5,0,1,0,1,0,2
AC00358,21,Student,"Under 25",5731.02,1380.34,11174.94,5335.44,5839.50,9794.60,57.07,9.91,-2940.61,8,2,5,0,0,1,1,1,3
AC00359,22,Student,"Under 25",3581.43,399.00,5109.97,399.00,4710.97,11397.66,54.17,13.96,-1801.17,6,1,5,0,0,1,1,0,2
AC00360,50,Engineer,36-50,5327.71,2403.39,4732.57,2403.39,2329.18,7164.55,21.91,1.52,-399.95,6,1,5,0,0,0,0,0,0
AC00361,22,Student,"Under 25",715.39,469.12,469.12,961.65,-492.53,492.53,17.70,1.11,-12.25,2,1,2,1,1,0,0,0,2
AC00362,51,Engineer,51-65,5397.56,841.65,8375.16,4480.43,3894.73,12117.00,32.09,1.38,-473.06,12,4,7,0,0,0,1,1,2
AC00363,75,Retired,"Above 65",5502.64,991.69,3656.93,7258.33,-3601.40,11656.63,69.60,4.39,-2956.97,12,4,9,0,1,1,1,1,4
AC00364,71,Retired,"Above 65",6067.62,6067.62,6067.62,6067.62,0.00,0.00,2.37,99.99,-143.54,1,0,1,0,0,0,0,0,0
AC00365,45,Engineer,36-50,6982.93,1305.76,14815.87,9733.59,5082.28,13510.11,10.52,2.88,-479.35,5,1,4,0,0,0,1,0,1
AC00366,28,Engineer,25-35,5189.07,379.82,9257.04,9808.97,-551.93,9429.15,47.74,4.37,-1911.13,8,1,4,0,1,0,1,1,3
AC00367,22,Student,"Under 25",5213.39,873.89,8697.11,873.89,7823.22,7830.38,19.68,1.68,-416.28,7,3,7,0,0,0,1,0,1
AC00368,27,Student,25-35,6403.39,761.00,5692.31,761.00,4931.31,12935.31,17.87,99.99,-1144.00,4,0,4,0,0,0,1,0,1
AC00369,22,Student,"Under 25",2938.84,964.79,6269.12,1404.06,4865.06,5304.33,44.79,1.37,-352.34,6,2,5,0,0,0,1,0,1
AC00370,46,Engineer,36-50,5771.12,1370.03,5298.85,6371.51,-1072.66,9072.45,18.03,0.76,330.11,7,3,5,0,1,0,1,0,2
AC00371,46,Doctor,36-50,6745.42,6485.78,6485.78,7005.05,-519.27,519.27,4.87,99.99,-328.65,2,0,1,0,1,0,0,0,1
AC00372,61,Retired,51-65,10161.17,1731.89,13869.86,1731.89,12137.97,13149.88,8.23,0.69,368.93,3,2,3,0,0,0,0,0,0
AC00373,67,Retired,"Above 65",6042.55,341.24,1375.80,5473.82,-4098.02,13443.16,23.61,2.48,-852.09,9,3,7,0,1,0,1,1,3
AC00374,18,Student,"Under 25",1561.58,206.20,1879.82,730.60,1149.22,3006.96,76.77,8.64,-1060.09,6,1,5,1,0,1,1,0,3
AC00375,42,Engineer,36-50,8947.15,6266.65,6266.65,6797.71,-531.06,7510.45,5.29,0.93,33.26,3,1,3,0,1,0,0,0,1
AC00376,25,Student,25-35,5243.91,677.79,5427.81,677.79,4750.02,8948.35,11.93,99.99,-625.43,3,0,3,0,0,0,1,0,1
AC00377,39,Engineer,36-50,3897.25,1052.31,1423.20,5265.88,-3842.68,6795.31,30.50,99.99,-1188.67,4,0,3,0,1,0,1,0,2
AC00378,71,Retired,"Above 65",3079.17,602.36,4750.96,4405.28,345.68,6407.18,60.06,14.38,-1720.65,6,2,4,0,0,1,1,0,2
AC00379,26,Student,25-35,1870.69,441.54,3299.84,441.54,2858.30,2858.30,0.48,0.01,723.58,2,1,2,1,0,0,1,0,2
AC00380,64,Retired,51-65,4189.55,817.83,1619.54,4943.16,-3323.62,9281.03,4.41,0.19,806.75,6,3,6,0,1,0,1,0,2
AC00381,64,Retired,51-65,4714.42,2000.60,2000.60,2174.16,-173.56,7967.89,18.89,99.99,-890.70,3,0,3,0,1,0,1,0,2
AC00382,64,Doctor,51-65,3778.42,797.10,797.10,1729.26,-932.16,6728.63,49.61,4.14,-1421.73,6,2,5,0,1,0,1,0,2
AC00383,53,Retired,51-65,2026.93,731.52,1475.46,4203.05,-2727.59,3471.53,27.38,99.99,-555.02,4,0,3,0,1,0,1,0,2
AC00384,56,Doctor,51-65,4298.83,120.89,1769.06,120.89,1648.17,11184.92,32.18,1.17,-204.19,7,2,5,0,0,0,1,0,1
AC00385,55,Doctor,51-65,2371.36,263.98,1171.98,1021.88,150.10,7201.97,155.02,7.90,-3210.76,7,2,7,0,0,1,1,0,2
AC00386,62,Retired,51-65,3628.62,620.83,5897.29,2299.64,3597.65,7174.01,48.05,99.99,-1743.57,8,0,7,0,0,0,1,1,2
AC00387,67,Doctor,"Above 65",8244.94,7375.59,7375.59,8937.35,-1561.76,1561.76,4.29,0.98,8.73,3,1,3,0,1,0,0,0,1
AC00388,18,Student,"Under 25",1244.13,546.46,1941.80,546.46,1395.34,1395.34,102.85,99.99,-1279.61,2,0,2,1,0,1,0,0,2
AC00389,65,Retired,51-65,4131.94,2611.64,5237.12,2611.64,2625.48,2625.48,13.49,1.47,-178.16,3,2,3,0,0,0,0,0,0
AC00390,44,Doctor,36-50,4912.30,535.15,535.15,1772.06,-1236.91,9003.77,9.85,0.75,159.91,7,3,6,0,1,0,1,0,2
AC00391,76,Retired,"Above 65",4006.45,2523.83,2523.83,3621.98,-1098.15,3349.71,11.48,58.52,-452.09,3,1,2,0,1,0,0,0,1
AC00392,24,Student,"Under 25",2030.69,1620.02,2810.37,1620.02,1190.35,1190.35,18.21,0.75,124.70,3,1,3,0,0,0,0,0,0
AC00393,78,Retired,"Above 65",2569.14,173.70,1081.97,5002.70,-3920.73,6256.71,39.74,1.56,-368.39,8,3,7,0,1,0,1,1,3
AC00394,53,Retired,51-65,2488.42,791.46,4159.33,1540.87,2618.46,5426.12,45.33,2.04,-575.41,7,2,6,0,0,0,1,0,1
AC00395,24,Student,"Under 25",1523.45,977.01,977.01,1187.04,-210.03,1429.30,25.71,0.70,168.93,3,2,3,1,1,0,0,0,2
AC00396,22,Student,"Under 25",5083.67,664.93,1670.72,664.93,1005.79,13283.16,57.84,8.49,-2594.28,8,2,5,0,0,1,1,1,3
AC00397,20,Student,"Under 25",4550.38,420.65,6077.96,1691.88,4386.08,10198.70,38.26,15.40,-1627.88,7,1,6,0,0,0,1,0,1
AC00398,68,Doctor,"Above 65",4951.16,167.72,3984.38,11705.88,-7721.50,11538.16,57.77,99.99,-2860.18,7,0,6,0,1,1,1,0,3
AC00399,25,Student,25-35,5699.27,835.53,10235.19,835.53,9399.66,9399.66,19.73,13.79,-1042.67,5,2,5,0,0,0,1,0,1
AC00400,23,Student,"Under 25",4708.20,1278.00,1400.04,1278.00,122.04,6037.34,8.25,0.91,37.36,5,2,4,0,0,0,0,0,0
AC00401,79,Retired,"Above 65",7084.89,4102.23,7458.63,4656.94,2801.69,9396.32,20.29,6.43,-1214.01,6,1,4,0,0,0,0,0,0
AC00402,31,Doctor,25-35,5179.31,2525.25,2631.47,7198.80,-4567.33,5836.45,19.00,2.98,-653.62,4,1,3,0,1,0,0,0,1
AC00403,69,Retired,"Above 65",5085.89,1764.08,10668.24,2610.64,8057.60,8904.16,11.51,1.48,-190.03,8,1,8,0,0,0,1,1,2
AC00404,68,Doctor,"Above 65",5045.04,900.61,900.61,10278.75,-9378.14,9378.14,6.93,99.99,-349.65,4,0,3,0,1,0,1,0,2
AC00405,70,Retired,"Above 65",5206.64,1019.39,6810.05,1983.65,4826.40,8782.09,42.32,6.08,-1840.69,6,1,4,0,0,0,1,0,1
AC00406,38,Engineer,36-50,552.52,552.52,552.52,552.52,0.00,0.00,33.25,99.99,-183.71,1,0,1,1,0,0,0,0,1
AC00407,23,Student,"Under 25",4593.85,168.84,8602.22,4475.22,4127.00,8433.38,59.17,99.99,-2718.10,7,0,5,0,0,1,1,0,2
AC00408,60,Retired,51-65,3399.93,2649.23,2649.23,4150.63,-1501.40,1501.40,16.36,99.99,-556.38,2,0,2,0,1,0,0,0,1
AC00409,72,Retired,"Above 65",7095.98,2610.67,2610.67,2940.04,-329.37,12154.74,17.46,16.29,-1162.66,5,1,5,0,1,0,1,0,2
AC00410,24,Student,"Under 25",4947.50,642.00,6280.66,642.00,5638.66,13159.15,28.46,8.27,-1237.63,5,1,4,0,0,0,1,0,1
AC00411,80,Retired,"Above 65",6963.80,1765.45,12221.17,6003.59,6217.58,10455.72,24.00,124.26,-1657.88,6,1,4,0,0,0,1,0,1
AC00412,34,Doctor,25-35,5227.57,136.77,8994.39,11505.35,-2510.96,11368.58,20.54,15.38,-1003.94,4,1,4,0,1,0,1,0,2
AC00413,21,Student,"Under 25",5580.67,368.78,5670.82,368.78,5302.04,12925.05,25.82,99.99,-1441.11,4,0,4,0,0,0,1,0,1
AC00414,26,Student,25-35,2148.74,1593.03,1593.03,1778.75,-185.72,1481.42,21.26,0.94,28.79,3,1,2,0,1,0,0,0,1
AC00415,69,Doctor,"Above 65",8524.63,4792.01,8709.77,12072.11,-3362.34,7280.10,1.27,99.99,-108.17,3,0,3,0,1,0,0,0,1
AC00416,26,Engineer,25-35,6481.46,2712.96,2712.96,5587.44,-2874.48,12135.01,34.85,7.92,-1973.52,5,1,4,0,1,0,1,0,2
AC00417,63,Doctor,51-65,5679.46,3290.72,3876.61,7945.57,-4068.96,5701.53,12.69,14.09,-669.38,5,1,4,0,1,0,0,0,1
AC00418,76,Retired,"Above 65",4995.45,1034.35,4815.11,4708.29,106.82,12837.68,28.78,5.13,-1157.32,6,3,4,0,0,0,1,0,1
AC00419,29,Engineer,25-35,6613.10,4477.78,6366.84,8994.67,-2627.83,4516.89,8.41,1.95,-270.84,3,1,2,0,1,0,0,0,1
AC00420,25,Student,25-35,3821.85,1040.43,2158.59,1040.43,1118.16,8386.63,28.36,1.53,-376.46,4,2,4,0,0,0,1,0,1
AC00421,20,Student,"Under 25",2268.20,1152.20,1328.73,1152.20,176.53,3171.46,14.48,0.98,7.18,3,2,2,0,0,0,0,0,0
AC00422,22,Student,"Under 25",5097.97,327.68,6173.23,327.68,5845.55,7685.13,9.66,6.14,-412.47,4,1,4,0,0,0,1,0,1
AC00423,75,Retired,"Above 65",5645.85,314.28,447.82,2760.37,-2312.55,12037.92,53.81,99.99,-3038.14,6,0,5,0,1,1,1,0,3
AC00424,46,Engineer,36-50,6675.39,3548.02,5711.71,8356.88,-2645.17,6094.10,14.23,3.62,-687.58,5,1,3,0,1,0,0,0,1
AC00425,29,Engineer,25-35,3145.41,1143.52,6651.62,1143.52,5508.10,5508.10,79.07,99.99,-2487.14,7,0,6,0,0,1,1,0,2
AC00426,24,Student,"Under 25",2463.48,912.71,983.68,1590.88,-607.20,6352.08,60.65,99.99,-1494.16,6,0,5,0,1,1,1,0,3
AC00427,22,Student,"Under 25",3967.52,370.81,370.81,3363.23,-2992.42,13189.82,57.45,19.31,-2161.43,9,1,5,0,1,1,1,1,4
AC00428,23,Student,"Under 25",3608.56,791.97,8640.56,791.97,7848.59,7848.59,47.88,99.99,-1727.94,3,0,3,0,0,0,1,0,1
AC00429,43,Engineer,36-50,10324.61,7574.45,8616.05,7574.45,1041.60,7208.88,2.71,99.99,-279.33,3,0,3,0,0,0,0,0,0
AC00430,18,Student,"Under 25",5810.46,511.37,751.09,511.37,239.72,14293.33,22.12,6.84,-1097.29,7,2,6,0,0,0,1,0,1
AC00431,51,Doctor,51-65,6754.11,420.25,14466.38,12540.18,1926.20,14219.03,13.32,0.49,951.59,7,3,5,0,0,0,1,0,1
AC00432,75,Retired,"Above 65",2751.13,296.47,296.47,2052.84,-1756.37,9401.28,17.39,0.40,717.12,7,3,7,0,1,0,1,0,2
AC00433,40,Engineer,36-50,4376.83,1830.98,9009.42,2290.10,6719.32,7178.44,38.78,99.99,-1697.30,3,0,3,0,0,0,1,0,1
AC00434,54,Retired,51-65,5989.08,928.33,8926.38,5077.06,3849.32,13059.79,30.04,99.99,-1799.10,7,0,5,0,0,0,1,0,1
AC00435,22,Student,"Under 25",4749.30,1839.10,7659.50,1839.10,5820.40,5820.40,9.05,99.99,-429.59,2,0,2,0,0,0,0,0,0
AC00436,52,Retired,51-65,8505.57,5209.16,9588.07,5400.44,4187.63,7972.95,8.54,2.35,-417.63,5,1,4,0,0,0,0,0,0
AC00437,79,Retired,"Above 65",3032.89,791.65,1719.97,5631.20,-3911.23,4839.55,30.41,99.99,-922.17,4,0,4,0,1,0,1,0,2
AC00438,58,Doctor,51-65,7599.81,202.69,8019.89,12883.91,-4864.02,13363.89,17.32,136.93,-1306.31,8,1,5,0,1,0,1,1,3
AC00439,25,Student,25-35,5329.82,781.70,5018.67,1931.66,3087.01,9731.82,68.44,6.78,-3109.47,9,1,7,0,0,1,1,1,3
AC00440,59,Doctor,51-65,7328.52,7328.52,7328.52,7328.52,0.00,0.00,2.75,99.99,-201.69,1,0,1,0,0,0,0,0,0
AC00441,75,Retired,"Above 65",2533.62,673.35,693.40,3128.71,-2435.31,7160.50,22.30,0.42,777.59,6,3,5,0,1,0,1,0,2
AC00442,76,Retired,"Above 65",4952.46,754.21,1242.49,4909.24,-3666.75,12150.45,32.82,30.21,-1571.70,9,1,7,0,1,0,1,1,3
AC00443,36,Engineer,36-50,8000.09,5615.26,11833.73,5615.26,6218.47,6218.47,28.58,7.64,-1986.94,4,1,4,0,0,0,0,0,0
AC00444,65,Retired,51-65,5696.06,290.59,10216.25,3944.82,6271.43,9925.66,5.95,2.15,-180.97,4,1,3,0,0,0,1,0,1
AC00445,19,Student,"Under 25",2845.40,229.02,1533.32,229.02,1304.30,6222.94,40.67,1.84,-527.04,5,3,4,0,0,0,1,0,1
AC00446,68,Retired,"Above 65",4029.40,1059.62,5169.07,5010.31,158.76,5852.00,20.96,4.40,-652.40,5,1,5,0,0,0,0,0,0
AC00447,36,Doctor,36-50,4753.37,1677.01,6412.85,1677.01,4735.84,4735.84,13.32,99.99,-633.10,4,0,4,0,0,0,0,0,0
AC00448,54,Retired,51-65,5047.37,137.42,3641.06,3679.64,-38.58,12586.20,5.53,0.31,619.62,7,4,6,0,1,0,1,0,2
AC00449,52,Doctor,51-65,6022.85,580.66,1400.04,9662.88,-8262.84,12660.06,7.55,1.33,-112.80,5,1,4,0,1,0,1,0,2
AC00450,28,Student,25-35,5345.14,899.52,8359.50,899.52,7459.98,7459.98,17.23,99.99,-920.89,3,0,3,0,0,0,0,0,0
AC00451,27,Student,25-35,4897.70,192.63,14611.90,192.63,14419.27,14419.27,7.90,0.34,762.76,5,2,3,0,0,0,1,0,1
AC00452,57,Doctor,51-65,7546.72,544.56,6683.31,13732.81,-7049.50,13804.09,7.86,0.76,185.26,7,1,5,0,1,0,1,0,2
AC00453,72,Retired,"Above 65",5334.75,369.79,8639.36,4749.54,3889.82,12526.27,42.37,20.47,-2149.90,9,1,4,0,0,0,1,1,2
AC00454,20,Student,"Under 25",2173.08,220.51,323.69,220.51,103.18,6491.27,17.41,0.24,1220.11,4,2,4,0,0,0,1,0,1
AC00455,21,Student,"Under 25",5543.70,300.87,8726.92,706.44,8020.48,13458.04,38.46,99.99,-2132.36,7,0,6,0,0,0,1,0,1
AC00456,20,Student,"Under 25",4777.49,207.74,6229.36,1382.80,4846.56,13783.76,27.38,0.73,474.18,11,5,9,0,0,0,1,1,2
AC00457,26,Engineer,25-35,6303.89,2531.24,5878.89,2531.24,3347.65,7970.29,12.45,99.99,-784.78,3,0,3,0,0,0,0,0,0
AC00458,46,Engineer,36-50,6175.63,330.16,14409.74,7854.10,6555.64,14079.58,17.67,2.40,-637.44,7,2,4,0,0,0,1,0,1
AC00459,21,Student,"Under 25",6053.54,1528.81,10887.59,1528.81,9358.78,11180.77,9.89,0.65,316.49,7,3,4,0,0,0,1,0,1
AC00460,41,Doctor,36-50,4887.10,106.86,2207.54,12571.76,-10364.22,12464.90,81.84,2.55,-2429.04,12,4,8,0,1,1,1,1,4
AC00461,60,Engineer,51-65,3679.29,1532.72,5839.38,3665.77,2173.61,4306.66,10.49,3.29,-268.64,3,1,3,0,0,0,0,0,0
AC00462,24,Student,"Under 25",2237.12,416.89,921.91,585.52,336.39,8964.75,13.84,1.68,-125.18,6,1,6,0,0,0,1,0,1
AC00463,53,Doctor,51-65,9311.22,5061.30,14798.10,9992.36,4805.74,9736.80,4.22,4.51,-305.38,4,2,4,0,0,0,0,0,0
AC00464,27,Engineer,25-35,6215.84,1058.13,13899.24,9418.86,4480.38,12841.11,33.61,3.41,-1476.23,8,2,4,0,0,0,1,1,2
AC00465,30,Doctor,25-35,7120.51,319.18,1185.43,7336.56,-6151.13,13985.20,17.88,5.55,-1043.51,8,2,5,0,1,0,1,1,3
AC00466,21,Student,"Under 25",5042.24,694.03,11146.74,694.03,10452.71,10452.71,25.66,0.96,48.53,4,1,4,0,0,0,1,0,1
AC00467,55,Engineer,51-65,7243.65,1433.66,11726.47,8570.82,3155.65,10292.81,10.29,1.63,-288.01,3,1,3,0,0,0,0,0,0
AC00468,28,Engineer,25-35,7363.93,2797.26,8478.46,2797.26,5681.20,9348.01,5.79,22.31,-407.30,4,1,4,0,0,0,0,0,0
AC00469,41,Engineer,36-50,7513.79,7513.79,7513.79,7513.79,0.00,0.00,0.87,99.99,-65.57,1,0,1,0,0,0,0,0,0
AC00470,26,Engineer,25-35,5462.84,985.77,985.77,6609.30,-5623.53,12005.26,17.59,1.29,-217.00,4,2,3,0,1,0,1,0,2
AC00471,41,Engineer,36-50,7503.03,369.86,14365.18,9551.64,4813.54,13995.32,21.67,11.34,-1482.57,6,2,5,0,0,0,1,0,1
AC00472,28,Student,25-35,1926.08,1926.08,1926.08,1926.08,0.00,0.00,30.55,99.99,-588.37,1,0,1,1,0,0,0,0,1
AC00473,40,Engineer,36-50,222.22,222.22,222.22,222.22,0.00,0.00,25.72,99.99,-57.16,1,0,1,1,0,0,0,0,1
AC00474,45,Doctor,36-50,7029.97,4466.10,4466.10,9798.26,-5332.16,5332.16,16.03,99.99,-1126.97,3,0,2,0,1,0,0,0,1
AC00475,75,Retired,"Above 65",2139.37,1061.69,1061.96,5029.87,-3967.91,3968.18,36.42,4.14,-590.97,8,1,5,0,1,0,1,1,3
AC00476,59,Engineer,51-65,2757.23,2757.23,2757.23,2757.23,0.00,0.00,18.38,99.99,-506.81,1,0,1,0,0,0,0,0,0
AC00477,41,Doctor,36-50,5769.36,1726.40,1726.40,10922.78,-9196.38,9196.38,17.66,99.99,-1019.03,3,0,3,0,1,0,1,0,2
AC00478,57,Retired,51-65,5016.68,643.64,643.64,6062.94,-5419.30,7271.24,42.42,2.32,-1209.38,7,2,7,0,1,0,0,0,1
AC00479,19,Student,"Under 25",6767.74,1146.78,8839.67,5583.88,3255.79,10353.84,7.54,0.59,348.84,4,1,4,0,0,0,1,0,1
AC00480,38,Doctor,36-50,6048.87,1038.91,7752.14,14214.48,-6462.34,13175.57,53.88,64.97,-3209.16,11,1,6,0,1,1,1,1,4
AC00481,32,Doctor,25-35,8325.45,4444.95,10585.48,12896.68,-2311.20,8451.73,7.24,113.92,-597.36,4,1,3,0,1,0,0,0,1
AC00482,51,Engineer,51-65,4463.38,1983.00,6972.50,5183.85,1788.65,6362.26,32.26,9.33,-1285.39,6,1,4,0,0,0,0,0,0
AC00483,41,Doctor,36-50,7497.58,566.83,566.83,14371.08,-13804.25,13804.25,21.42,99.99,-1605.72,4,0,3,0,1,0,1,0,2
AC00485,42,Engineer,36-50,3974.14,792.33,792.33,7155.95,-6363.62,6363.62,15.54,9.75,-554.33,2,1,2,0,1,0,1,0,2
AC00486,37,Engineer,36-50,6857.20,6857.20,6857.20,6857.20,0.00,0.00,4.12,99.99,-282.26,1,0,1,0,0,0,0,0,0
AC00487,25,Student,25-35,2075.69,193.80,6095.65,193.80,5901.85,5901.85,17.99,3.49,-266.32,4,1,4,0,0,0,1,0,1
AC00488,38,Engineer,36-50,4945.97,481.13,481.13,7822.73,-7341.60,8361.34,0.70,0.03,1017.83,4,2,3,0,1,0,1,0,2
AC00489,62,Retired,51-65,9673.44,7392.79,9100.81,7392.79,1708.02,5133.92,3.89,17.70,-355.26,3,1,3,0,0,0,0,0,0
AC00490,78,Retired,"Above 65",4401.54,344.07,13267.09,1916.34,11350.75,12923.02,11.82,0.55,420.40,5,2,4,0,0,0,1,0,1
AC00491,57,Retired,51-65,7739.54,7739.54,7739.54,7739.54,0.00,0.00,0.49,99.99,-37.57,1,0,1,0,0,0,0,0,0
AC00492,33,Engineer,25-35,6947.10,2051.37,6941.47,9905.23,-2963.76,7853.86,8.76,3.38,-428.52,5,1,3,0,1,0,0,0,1
AC00493,34,Engineer,25-35,5214.97,443.62,443.62,7016.99,-6573.37,8025.81,11.37,99.99,-593.13,5,0,5,0,1,0,1,0,2
AC00494,22,Student,"Under 25",1715.28,569.25,3677.63,1115.30,2562.33,3108.38,25.62,0.31,994.55,4,2,4,1,0,0,1,0,2
AC00495,27,Student,25-35,2709.59,160.57,5894.09,1633.76,4260.33,6498.55,88.79,99.99,-2405.77,8,0,6,0,0,1,1,1,3
AC00496,30,Engineer,25-35,6437.01,339.16,14395.88,4575.98,9819.90,14056.72,9.26,99.99,-595.88,3,0,3,0,0,0,1,0,1
AC00497,63,Retired,51-65,5153.62,910.26,7860.65,1106.34,6754.31,10884.86,18.39,3.96,-708.39,6,1,5,0,0,0,1,0,1
AC00498,34,Engineer,25-35,4545.00,352.31,5688.37,2969.71,2718.66,11711.46,47.23,2.37,-1242.52,8,3,7,0,0,0,1,1,2
AC00499,23,Student,"Under 25",4450.58,842.94,6012.67,6408.80,-396.13,6906.20,41.79,4.03,-1398.25,7,1,5,0,1,0,1,0,2
AC00500,51,Doctor,51-65,7947.58,620.28,14852.42,14453.35,399.07,14232.14,3.67,0.82,64.14,4,2,4,0,0,0,1,0,1
